RNC2202/BSC6900UCell,Label=1NJANU7, CellID=32511,3.292
RNC2202/BSC6900UCell,Label=PNR08U3, CellID=12543,4.986
RNC2202/BSC6900UCell,Label=ILURNU3, CellID=11263,37.472
RNC2202/BSC6900UCell,Label=1ODTPH6, CellID=55806,19.186
RNC2202/BSC6900UCell,Label=1PGRSU6, CellID=22526,0
RNC2202/BSC6900UCell,Label=PNR08U2, CellID=12542,23.194
RNC2202/BSC6900UCell,Label=ILURNU2, CellID=11262,26.714
RNC2202/BSC6900UCell,Label=1ODTPH5, CellID=55805,20.025
RNC2202/BSC6900UCell,Label=1CLPNU9, CellID=36093,31.083
RNC2202/BSC6900UCell,Label=1PGRSU5, CellID=22525,0
RNC2202/BSC6900UCell,Label=PNR08U1, CellID=12541,19.453
RNC2202/BSC6900UCell,Label=ILURNU1, CellID=11261,14.747
RNC2202/BSC6900UCell,Label=1ODTPH4, CellID=55804,16.939
RNC2202/BSC6900UCell,Label=FEROMH6, CellID=51196,0
RNC2202/BSC6900UCell,Label=1CLPNU8, CellID=36092,24.453
RNC2202/BSC6900UCell,Label=1PGRSU4, CellID=22524,0
RNC2202/BSC6900UCell,Label=FEROMH5, CellID=51195,0
RNC2202/BSC6900UCell,Label=1CLPNU7, CellID=36091,15.294
RNC2202/BSC6900UCell,Label=AAAA8U9, CellID=31483,6.764
RNC2202/BSC6900UCell,Label=1CLPSU3, CellID=16123,7.711
RNC2202/BSC6900UCell,Label=FEROMH4, CellID=51194,0
RNC2202/BSC6900UCell,Label=AAAA8U8, CellID=31482,10.317
RNC2202/BSC6900UCell,Label=1CLPSU2, CellID=16122,21.536
RNC2202/BSC6900UCell,Label=1CLPCH3, CellID=46073,17.169
RNC2202/BSC6900UCell,Label=AAAA8U7, CellID=31481,10.542
RNC2202/BSC6900UCell,Label=1CLPSU1, CellID=16121,2.731
RNC2202/BSC6900UCell,Label=SAMATU3, CellID=11513,0
RNC2202/BSC6900UCell,Label=1CLPCH2, CellID=46072,4.022
RNC2202/BSC6900UCell,Label=JPPADU6, CellID=26616,0
RNC2202/BSC6900UCell,Label=TBLASU6, CellID=21496,8.944
RNC2202/BSC6900UCell,Label=SABNGU6, CellID=20216,2.064
RNC2202/BSC6900UCell,Label=SAMATU2, CellID=11512,0
RNC2202/BSC6900UCell,Label=1CLPCH1, CellID=46071,16.317
RNC2202/BSC6900UCell,Label=SANCLH3, CellID=41463,2.025
RNC2202/BSC6900UCell,Label=1CLPRU9, CellID=32503,8.147
RNC2202/BSC6900UCell,Label=RIZTPU9, CellID=31223,38.583
RNC2202/BSC6900UCell,Label=JPPADU5, CellID=26615,0
RNC2202/BSC6900UCell,Label=TBLASU5, CellID=21495,38.878
RNC2202/BSC6900UCell,Label=SABNGU5, CellID=20215,2.444
RNC2202/BSC6900UCell,Label=SAMATU1, CellID=11511,0
RNC2202/BSC6900UCell,Label=BSIKTH6, CellID=51446,28.058
RNC2202/BSC6900UCell,Label=SANCLH2, CellID=41462,19.008
RNC2202/BSC6900UCell,Label=1CLPRU8, CellID=32502,22.4
RNC2202/BSC6900UCell,Label=RIZTPU8, CellID=31222,25.308
RNC2202/BSC6900UCell,Label=JPPADU4, CellID=26614,0
RNC2202/BSC6900UCell,Label=TBLASU4, CellID=21494,18.811
RNC2202/BSC6900UCell,Label=SABNGU4, CellID=20214,1.456
RNC2202/BSC6900UCell,Label=BSIKTH5, CellID=51445,18.653
RNC2202/BSC6900UCell,Label=SANCLH1, CellID=41461,12.656
RNC2202/BSC6900UCell,Label=1CLPRU7, CellID=32501,39.478
RNC2202/BSC6900UCell,Label=RIZTPU7, CellID=31221,10.894
RNC2202/BSC6900UCell,Label=1SABLU3, CellID=12533,8.842
RNC2202/BSC6900UCell,Label=RLOOCU3, CellID=11253,38.078
RNC2202/BSC6900UCell,Label=BSIKTH4, CellID=51444,38.908
RNC2202/BSC6900UCell,Label=1NJANU6, CellID=22516,5.406
RNC2202/BSC6900UCell,Label=TBTMBU4, CellID=22004,0
RNC2202/BSC6900UCell,Label=1SABLU2, CellID=12532,5.583
RNC2202/BSC6900UCell,Label=RLOOCU2, CellID=11252,34.167
RNC2202/BSC6900UCell,Label=NAUJ1H6, CellID=50163,19.506
RNC2202/BSC6900UCell,Label=1CLPBH3, CellID=42483,24.6
RNC2202/BSC6900UCell,Label=1NJANU5, CellID=22515,19.333
RNC2202/BSC6900UCell,Label=1SABLU1, CellID=12531,9.453
RNC2202/BSC6900UCell,Label=RLOOCU1, CellID=11251,34.886
RNC2202/BSC6900UCell,Label=1SCBNH6, CellID=52466,6.55
RNC2202/BSC6900UCell,Label=CUERAH6, CellID=51186,0
RNC2202/BSC6900UCell,Label=NAUJ1H5, CellID=50162,19.983
RNC2202/BSC6900UCell,Label=1CLPBH2, CellID=42482,15.1
RNC2202/BSC6900UCell,Label=1NJANU4, CellID=22514,2.597
RNC2202/BSC6900UCell,Label=1SCBNH5, CellID=52465,39.381
RNC2202/BSC6900UCell,Label=CUERAH5, CellID=51185,0
RNC2202/BSC6900UCell,Label=NAUJ1H4, CellID=50161,40.075
RNC2202/BSC6900UCell,Label=1CLPBH1, CellID=42481,32.389
RNC2202/BSC6900UCell,Label=1SCBNH4, CellID=52464,23.086
RNC2202/BSC6900UCell,Label=CUERAH4, CellID=51184,0
RNC2202/BSC6900UCell,Label=1CLPNU6, CellID=26096,31.6
RNC2202/BSC6900UCell,Label=1CLPNU5, CellID=26095,23.861
RNC2202/BSC6900UCell,Label=SMASLU3, CellID=16623,0
RNC2202/BSC6900UCell,Label=GUINBU3, CellID=11503,0
RNC2202/BSC6900UCell,Label=1CLPNU4, CellID=26094,16.744
RNC2202/BSC6900UCell,Label=AAAA8U6, CellID=21486,9.836
RNC2202/BSC6900UCell,Label=SMASLU2, CellID=16622,0
RNC2202/BSC6900UCell,Label=GUINBU2, CellID=11502,0
RNC2202/BSC6900UCell,Label=1CLPPU9, CellID=32493,9.283
RNC2202/BSC6900UCell,Label=AAAA8U5, CellID=21485,12.164
RNC2202/BSC6900UCell,Label=SMASLU1, CellID=16621,0
RNC2202/BSC6900UCell,Label=GUINBU1, CellID=11501,0
RNC2202/BSC6900UCell,Label=LGAYAH6, CellID=51436,0
RNC2202/BSC6900UCell,Label=1CLPPU8, CellID=32492,27.472
RNC2202/BSC6900UCell,Label=AAAA8U4, CellID=21484,12.558
RNC2202/BSC6900UCell,Label=LGAYAH5, CellID=51435,0
RNC2202/BSC6900UCell,Label=1ODTPH3, CellID=45803,19.331
RNC2202/BSC6900UCell,Label=1CLPPU7, CellID=32491,18.058
RNC2202/BSC6900UCell,Label=1PGRSU3, CellID=12523,0
RNC2202/BSC6900UCell,Label=SMRRAH6, CellID=55786,12.472
RNC2202/BSC6900UCell,Label=LGAYAH4, CellID=51434,0
RNC2202/BSC6900UCell,Label=1ODTPH2, CellID=45802,19.997
RNC2202/BSC6900UCell,Label=1CLPRU6, CellID=22506,7.911
RNC2202/BSC6900UCell,Label=RIZTPU6, CellID=21226,38.375
RNC2202/BSC6900UCell,Label=1PGRSU2, CellID=12522,0
RNC2202/BSC6900UCell,Label=SMRRAH5, CellID=55785,5.953
RNC2202/BSC6900UCell,Label=NAUJNH6, CellID=50153,29.558
RNC2202/BSC6900UCell,Label=1ODTPH1, CellID=45801,16.925
RNC2202/BSC6900UCell,Label=FEROMH3, CellID=41193,0
RNC2202/BSC6900UCell,Label=1CLPCU9, CellID=36073,8.089
RNC2202/BSC6900UCell,Label=1CLPRU5, CellID=22505,25.028
RNC2202/BSC6900UCell,Label=RIZTPU5, CellID=21225,26.453
RNC2202/BSC6900UCell,Label=1PGRSU1, CellID=12521,0
RNC2202/BSC6900UCell,Label=SMRRAH4, CellID=55784,20.761
RNC2202/BSC6900UCell,Label=NAUJNH5, CellID=50152,27.647
RNC2202/BSC6900UCell,Label=FEROMH2, CellID=41192,0
RNC2202/BSC6900UCell,Label=1CLPCU8, CellID=36072,1.889
RNC2202/BSC6900UCell,Label=1CLPRU4, CellID=22504,39.5
RNC2202/BSC6900UCell,Label=RIZTPU4, CellID=21224,9.725
RNC2202/BSC6900UCell,Label=NAUJNH4, CellID=50151,11.183
RNC2202/BSC6900UCell,Label=FEROMH1, CellID=41191,0
RNC2202/BSC6900UCell,Label=1CLPCU7, CellID=36071,8.583
RNC2202/BSC6900UCell,Label=SANCLU9, CellID=31463,1.992
RNC2202/BSC6900UCell,Label=SANCLU8, CellID=31462,19.908
RNC2202/BSC6900UCell,Label=SANCLU7, CellID=31461,18.547
RNC2202/BSC6900UCell,Label=JPPADU3, CellID=16613,0
RNC2202/BSC6900UCell,Label=TBLASU3, CellID=11493,9.156
RNC2202/BSC6900UCell,Label=SABNGU3, CellID=10213,1.375
RNC2202/BSC6900UCell,Label=RZOCMH6, CellID=50916,32.506
RNC2202/BSC6900UCell,Label=SSNJTU6, CellID=26596,0
RNC2202/BSC6900UCell,Label=JPPADU2, CellID=16612,0
RNC2202/BSC6900UCell,Label=TBLASU2, CellID=11492,39.114
RNC2202/BSC6900UCell,Label=SABNGU2, CellID=10212,2.583
RNC2202/BSC6900UCell,Label=RZOCMH5, CellID=50915,35.958
RNC2202/BSC6900UCell,Label=BSIKTH3, CellID=41443,29.281
RNC2202/BSC6900UCell,Label=NAUJ1H3, CellID=40163,19.372
RNC2202/BSC6900UCell,Label=1CLPBU9, CellID=32483,5.189
RNC2202/BSC6900UCell,Label=SSNJTU5, CellID=26595,0
RNC2202/BSC6900UCell,Label=JPPADU1, CellID=16611,0
RNC2202/BSC6900UCell,Label=TBLASU1, CellID=11491,25.758
RNC2202/BSC6900UCell,Label=SABNGU1, CellID=10211,4.561
RNC2202/BSC6900UCell,Label=1PGRPH6, CellID=51426,5.011
RNC2202/BSC6900UCell,Label=RZOCMH4, CellID=50914,37.503
RNC2202/BSC6900UCell,Label=BSIKTH2, CellID=41442,24.269
RNC2202/BSC6900UCell,Label=NAUJ1H2, CellID=40162,19.975
RNC2202/BSC6900UCell,Label=1CLPBU8, CellID=32482,4.975
RNC2202/BSC6900UCell,Label=SSNJTU4, CellID=26594,0
RNC2202/BSC6900UCell,Label=ODIONH6, CellID=53473,18.222
RNC2202/BSC6900UCell,Label=1PGRPH5, CellID=51425,20.353
RNC2202/BSC6900UCell,Label=BSIKTH1, CellID=41441,39.35
RNC2202/BSC6900UCell,Label=NAUJ1H1, CellID=40161,37.883
RNC2202/BSC6900UCell,Label=1CLPBU7, CellID=32481,7.486
RNC2202/BSC6900UCell,Label=MBRAOU9, CellID=31713,34.964
RNC2202/BSC6900UCell,Label=1NJANU3, CellID=12513,8.442
RNC2202/BSC6900UCell,Label=TBTMBU1, CellID=12001,0
RNC2202/BSC6900UCell,Label=BNLAOH6, CellID=55776,0
RNC2202/BSC6900UCell,Label=ODIONH5, CellID=53472,19.947
RNC2202/BSC6900UCell,Label=1PGRPH4, CellID=51424,15.028
RNC2202/BSC6900UCell,Label=MBRAOU8, CellID=31712,22.186
RNC2202/BSC6900UCell,Label=1CLPPU6, CellID=22496,9.711
RNC2202/BSC6900UCell,Label=1NJANU2, CellID=12512,22.125
RNC2202/BSC6900UCell,Label=BNLAOH5, CellID=55775,0
RNC2202/BSC6900UCell,Label=ODIONH4, CellID=53471,19.65
RNC2202/BSC6900UCell,Label=BARCEH6, CellID=50143,26.283
RNC2202/BSC6900UCell,Label=1SCBNH3, CellID=42463,8.875
RNC2202/BSC6900UCell,Label=CUERAH3, CellID=41183,0
RNC2202/BSC6900UCell,Label=MBRAOU7, CellID=31711,10.797
RNC2202/BSC6900UCell,Label=1CLPPU5, CellID=22495,26.453
RNC2202/BSC6900UCell,Label=1NJANU1, CellID=12511,3.781
RNC2202/BSC6900UCell,Label=BNLAOH4, CellID=55774,0
RNC2202/BSC6900UCell,Label=TGDANH6, CellID=51166,0
RNC2202/BSC6900UCell,Label=BARCEH5, CellID=50142,37.264
RNC2202/BSC6900UCell,Label=1SCBNH2, CellID=42462,39.583
RNC2202/BSC6900UCell,Label=CUERAH2, CellID=41182,0
RNC2202/BSC6900UCell,Label=1CLPPU4, CellID=22494,17.289
RNC2202/BSC6900UCell,Label=TGDANH5, CellID=51165,0
RNC2202/BSC6900UCell,Label=BARCEH4, CellID=50141,38.978
RNC2202/BSC6900UCell,Label=1SCBNH1, CellID=42461,31.253
RNC2202/BSC6900UCell,Label=CUERAH1, CellID=41181,0
RNC2202/BSC6900UCell,Label=1CLPNU3, CellID=16093,30.622
RNC2202/BSC6900UCell,Label=TGDANH4, CellID=51164,0
RNC2202/BSC6900UCell,Label=1CLPCU6, CellID=26076,11.164
RNC2202/BSC6900UCell,Label=1CLPNU2, CellID=16092,24.547
RNC2202/BSC6900UCell,Label=1ODTPU9, CellID=35803,11.283
RNC2202/BSC6900UCell,Label=CALXXU7, CellID=31451,0
RNC2202/BSC6900UCell,Label=1CLPCU5, CellID=26075,2.719
RNC2202/BSC6900UCell,Label=1CLPNU1, CellID=16091,15.789
RNC2202/BSC6900UCell,Label=AAAA8U3, CellID=11483,12.336
RNC2202/BSC6900UCell,Label=1SCRPH6, CellID=56026,38.794
RNC2202/BSC6900UCell,Label=SABRSH6, CellID=50906,1.989
RNC2202/BSC6900UCell,Label=1ODTPU8, CellID=35802,18.867
RNC2202/BSC6900UCell,Label=1CLPCU4, CellID=26074,7.869
RNC2202/BSC6900UCell,Label=SANCLU6, CellID=21466,0.578
RNC2202/BSC6900UCell,Label=AAAA8U2, CellID=11482,14.331
RNC2202/BSC6900UCell,Label=1SCRPH5, CellID=56025,36.683
RNC2202/BSC6900UCell,Label=SABRSH5, CellID=50905,15.336
RNC2202/BSC6900UCell,Label=LGAYAH3, CellID=41433,0
RNC2202/BSC6900UCell,Label=NAUJNH3, CellID=40153,31.372
RNC2202/BSC6900UCell,Label=1ODTPU7, CellID=35801,18.975
RNC2202/BSC6900UCell,Label=FEROMU9, CellID=31193,11.222
RNC2202/BSC6900UCell,Label=SANCLU5, CellID=21465,19.908
RNC2202/BSC6900UCell,Label=AAAA8U1, CellID=11481,15.731
RNC2202/BSC6900UCell,Label=1SCRPH4, CellID=56024,39.597
RNC2202/BSC6900UCell,Label=1NJAPH6, CellID=51416,22.792
RNC2202/BSC6900UCell,Label=SABRSH4, CellID=50904,9.964
RNC2202/BSC6900UCell,Label=LGAYAH2, CellID=41432,0
RNC2202/BSC6900UCell,Label=NAUJNH2, CellID=40152,30.642
RNC2202/BSC6900UCell,Label=FEROMU8, CellID=31192,6.389
RNC2202/BSC6900UCell,Label=SANCLU4, CellID=21464,18.808
RNC2202/BSC6900UCell,Label=1NJAPH5, CellID=51415,50.986
RNC2202/BSC6900UCell,Label=SMRRAH3, CellID=45783,15.119
RNC2202/BSC6900UCell,Label=LGAYAH1, CellID=41431,0
RNC2202/BSC6900UCell,Label=NAUJNH1, CellID=40151,12.203
RNC2202/BSC6900UCell,Label=FEROMU7, CellID=31191,25.494
RNC2202/BSC6900UCell,Label=1CLPRU3, CellID=12503,9.497
RNC2202/BSC6900UCell,Label=RIZTPU3, CellID=11223,38.278
RNC2202/BSC6900UCell,Label=GLRIAH6, CellID=55766,51.667
RNC2202/BSC6900UCell,Label=1NJAPH4, CellID=51414,27.083
RNC2202/BSC6900UCell,Label=SMRRAH2, CellID=45782,11.431
RNC2202/BSC6900UCell,Label=1CLPBU6, CellID=22486,7.083
RNC2202/BSC6900UCell,Label=1CLPRU2, CellID=12502,27.014
RNC2202/BSC6900UCell,Label=RIZTPU2, CellID=11222,29.253
RNC2202/BSC6900UCell,Label=GLRIAH5, CellID=55765,54.633
RNC2202/BSC6900UCell,Label=CALPXH6, CellID=50133,36.044
RNC2202/BSC6900UCell,Label=SMRRAH1, CellID=45781,26.95
RNC2202/BSC6900UCell,Label=1CLPBU5, CellID=22485,4.217
RNC2202/BSC6900UCell,Label=1CLPRU1, CellID=12501,39.619
RNC2202/BSC6900UCell,Label=RIZTPU1, CellID=11221,9.322
RNC2202/BSC6900UCell,Label=GLRIAH4, CellID=55764,33.453
RNC2202/BSC6900UCell,Label=1MBOPH6, CellID=52436,39.872
RNC2202/BSC6900UCell,Label=BNTONH6, CellID=51156,0
RNC2202/BSC6900UCell,Label=CALPXH5, CellID=50132,15.139
RNC2202/BSC6900UCell,Label=1CLPBU4, CellID=22484,6.45
RNC2202/BSC6900UCell,Label=MBRAOU6, CellID=21716,34.983
RNC2202/BSC6900UCell,Label=AGUSTH6, CellID=53203,19.994
RNC2202/BSC6900UCell,Label=1MBOPH5, CellID=52435,7.436
RNC2202/BSC6900UCell,Label=BNTONH5, CellID=51155,0
RNC2202/BSC6900UCell,Label=CALPXH4, CellID=50131,8.239
RNC2202/BSC6900UCell,Label=BSIKTU9, CellID=31443,14.489
RNC2202/BSC6900UCell,Label=NAUJ1U9, CellID=30163,0
RNC2202/BSC6900UCell,Label=MBRAOU5, CellID=21715,19.772
RNC2202/BSC6900UCell,Label=AGUSTH5, CellID=53202,28.486
RNC2202/BSC6900UCell,Label=1MBOPH4, CellID=52434,12.747
RNC2202/BSC6900UCell,Label=BNTONH4, CellID=51154,0
RNC2202/BSC6900UCell,Label=BSIKTU8, CellID=31442,9.458
RNC2202/BSC6900UCell,Label=NAUJ1U8, CellID=30162,0
RNC2202/BSC6900UCell,Label=MBRAOU4, CellID=21714,8.303
RNC2202/BSC6900UCell,Label=AGUSTH4, CellID=53201,15.336
RNC2202/BSC6900UCell,Label=ODIONH3, CellID=43473,25.231
RNC2202/BSC6900UCell,Label=RZOCMH3, CellID=40913,36.792
RNC2202/BSC6900UCell,Label=BSIKTU7, CellID=31441,20.153
RNC2202/BSC6900UCell,Label=NAUJ1U7, CellID=30161,0
RNC2202/BSC6900UCell,Label=SSNJTU3, CellID=16593,0
RNC2202/BSC6900UCell,Label=SUBAAH6, CellID=56016,18.044
RNC2202/BSC6900UCell,Label=ODIONH2, CellID=43472,19.903
RNC2202/BSC6900UCell,Label=RZOCMH2, CellID=40912,37.222
RNC2202/BSC6900UCell,Label=SSNJTU2, CellID=16592,0
RNC2202/BSC6900UCell,Label=SUBAAH5, CellID=56015,44.147
RNC2202/BSC6900UCell,Label=ODIONH1, CellID=43471,19.617
RNC2202/BSC6900UCell,Label=1PGRPH3, CellID=41423,8.608
RNC2202/BSC6900UCell,Label=RZOCMH1, CellID=40911,38.106
RNC2202/BSC6900UCell,Label=BARCEH3, CellID=40143,32.364
RNC2202/BSC6900UCell,Label=1SCBNU9, CellID=32463,4.908
RNC2202/BSC6900UCell,Label=CUERAU9, CellID=31183,0
RNC2202/BSC6900UCell,Label=SSNJTU1, CellID=16591,0
RNC2202/BSC6900UCell,Label=SUBAAH4, CellID=56014,33.25
RNC2202/BSC6900UCell,Label=TOBATH6, CellID=52686,0
RNC2202/BSC6900UCell,Label=1MSYMH6, CellID=51406,23.769
RNC2202/BSC6900UCell,Label=1PGRPH2, CellID=41422,24.061
RNC2202/BSC6900UCell,Label=BARCEH2, CellID=40142,38.411
RNC2202/BSC6900UCell,Label=1SCBNU8, CellID=32462,9.133
RNC2202/BSC6900UCell,Label=CUERAU8, CellID=31182,0
RNC2202/BSC6900UCell,Label=1ODTPU6, CellID=25806,10.075
RNC2202/BSC6900UCell,Label=CALXXU4, CellID=21454,0
RNC2202/BSC6900UCell,Label=TOBATH5, CellID=52685,0
RNC2202/BSC6900UCell,Label=1MSYMH5, CellID=51405,35.947
RNC2202/BSC6900UCell,Label=BNLAOH3, CellID=45773,0
RNC2202/BSC6900UCell,Label=1PGRPH1, CellID=41421,19.572
RNC2202/BSC6900UCell,Label=BARCEH1, CellID=40141,39.247
RNC2202/BSC6900UCell,Label=1SCBNU7, CellID=32461,7.386
RNC2202/BSC6900UCell,Label=CUERAU7, CellID=31181,0
RNC2202/BSC6900UCell,Label=1ODTPU5, CellID=25805,19.075
RNC2202/BSC6900UCell,Label=1CLPPU3, CellID=12493,7.561
RNC2202/BSC6900UCell,Label=BNGABH6, CellID=55756,48.539
RNC2202/BSC6900UCell,Label=TOBATH4, CellID=52684,0
RNC2202/BSC6900UCell,Label=1MSYMH4, CellID=51404,13.258
RNC2202/BSC6900UCell,Label=BNLAOH2, CellID=45772,0
RNC2202/BSC6900UCell,Label=1ODTPU4, CellID=25804,18.75
RNC2202/BSC6900UCell,Label=FEROMU6, CellID=21196,8.436
RNC2202/BSC6900UCell,Label=1CLPPU2, CellID=12492,32.206
RNC2202/BSC6900UCell,Label=BNGABH5, CellID=55755,26.036
RNC2202/BSC6900UCell,Label=CPLTLH6, CellID=50123,19.869
RNC2202/BSC6900UCell,Label=BNLAOH1, CellID=45771,0
RNC2202/BSC6900UCell,Label=TGDANH3, CellID=41163,0
RNC2202/BSC6900UCell,Label=FEROMU5, CellID=21195,4.989
RNC2202/BSC6900UCell,Label=1CLPPU1, CellID=12491,20.619
RNC2202/BSC6900UCell,Label=BNGABH4, CellID=55754,21.556
RNC2202/BSC6900UCell,Label=1ABRPH6, CellID=52426,6.125
RNC2202/BSC6900UCell,Label=CPLTLH5, CellID=50122,19.978
RNC2202/BSC6900UCell,Label=TGDANH2, CellID=41162,0
RNC2202/BSC6900UCell,Label=SMRRAU6, CellID=35786,10.275
RNC2202/BSC6900UCell,Label=FEROMU4, CellID=21194,17.706
RNC2202/BSC6900UCell,Label=1ABRPH5, CellID=52425,12.814
RNC2202/BSC6900UCell,Label=CPLTLH4, CellID=50121,19.942
RNC2202/BSC6900UCell,Label=TGDANH1, CellID=41161,0
RNC2202/BSC6900UCell,Label=SMRRAU5, CellID=35785,11.803
RNC2202/BSC6900UCell,Label=LGAYAU9, CellID=31433,0.286
RNC2202/BSC6900UCell,Label=NAUJNU9, CellID=30153,10.856
RNC2202/BSC6900UCell,Label=1CLPCU3, CellID=16073,7.467
RNC2202/BSC6900UCell,Label=1ABRPH4, CellID=52424,6.278
RNC2202/BSC6900UCell,Label=SMRRAU4, CellID=35784,12.861
RNC2202/BSC6900UCell,Label=LGAYAU8, CellID=31432,7.592
RNC2202/BSC6900UCell,Label=NAUJNU8, CellID=30152,43.642
RNC2202/BSC6900UCell,Label=1CLPCU2, CellID=16072,3.492
RNC2202/BSC6900UCell,Label=1SCRPH3, CellID=46023,38.858
RNC2202/BSC6900UCell,Label=SABRSH3, CellID=40903,3.164
RNC2202/BSC6900UCell,Label=SMRRAU9, CellID=35783,4.817
RNC2202/BSC6900UCell,Label=LGAYAU7, CellID=31431,5.128
RNC2202/BSC6900UCell,Label=NAUJNU7, CellID=30151,3
RNC2202/BSC6900UCell,Label=1CLPCU1, CellID=16071,8.047
RNC2202/BSC6900UCell,Label=SANCLU3, CellID=11463,1.086
RNC2202/BSC6900UCell,Label=1SCRPH2, CellID=46022,36.694
RNC2202/BSC6900UCell,Label=SABRSH2, CellID=40902,32.836
RNC2202/BSC6900UCell,Label=SMRRAU8, CellID=35782,8.661
RNC2202/BSC6900UCell,Label=SMATUU6, CellID=26566,0
RNC2202/BSC6900UCell,Label=BSIKTU6, CellID=21446,11.039
RNC2202/BSC6900UCell,Label=NAUJ1U6, CellID=20166,0
RNC2202/BSC6900UCell,Label=SANCLU2, CellID=11462,19.786
RNC2202/BSC6900UCell,Label=1SCRPH1, CellID=46021,39.569
RNC2202/BSC6900UCell,Label=1NJAPH3, CellID=41413,22.733
RNC2202/BSC6900UCell,Label=SABRSH1, CellID=40901,19.925
RNC2202/BSC6900UCell,Label=CALPXH3, CellID=40133,37.019
RNC2202/BSC6900UCell,Label=SMRRAU7, CellID=35781,11.914
RNC2202/BSC6900UCell,Label=SMATUU5, CellID=26565,0
RNC2202/BSC6900UCell,Label=BSIKTU5, CellID=21445,8.5
RNC2202/BSC6900UCell,Label=NAUJ1U5, CellID=20165,0
RNC2202/BSC6900UCell,Label=SANCLU1, CellID=11461,13.125
RNC2202/BSC6900UCell,Label=1CLPLH6, CellID=51396,28.558
RNC2202/BSC6900UCell,Label=CALPAH6, CellID=50116,4.167
RNC2202/BSC6900UCell,Label=1NJAPH2, CellID=41412,55.619
RNC2202/BSC6900UCell,Label=CALPXH2, CellID=40132,22.047
RNC2202/BSC6900UCell,Label=SMATUU4, CellID=26564,0
RNC2202/BSC6900UCell,Label=BSIKTU4, CellID=21444,21.392
RNC2202/BSC6900UCell,Label=NAUJ1U4, CellID=20164,0
RNC2202/BSC6900UCell,Label=1CLPLH5, CellID=51395,5.778
RNC2202/BSC6900UCell,Label=CALPAH5, CellID=50115,1.122
RNC2202/BSC6900UCell,Label=GLRIAH3, CellID=45763,54.911
RNC2202/BSC6900UCell,Label=AGUSTH3, CellID=43203,20.003
RNC2202/BSC6900UCell,Label=1NJAPH1, CellID=41411,32.139
RNC2202/BSC6900UCell,Label=CALPXH1, CellID=40131,8.406
RNC2202/BSC6900UCell,Label=CEPCNU7, CellID=31171,0
RNC2202/BSC6900UCell,Label=1CLPBU3, CellID=12483,9.256
RNC2202/BSC6900UCell,Label=1CLPLH4, CellID=51394,31.036
RNC2202/BSC6900UCell,Label=CALPAH4, CellID=50114,19.936
RNC2202/BSC6900UCell,Label=GLRIAH2, CellID=45762,55.869
RNC2202/BSC6900UCell,Label=AGUSTH2, CellID=43202,29.858
RNC2202/BSC6900UCell,Label=1SCBNU6, CellID=22466,6.008
RNC2202/BSC6900UCell,Label=CUERAU6, CellID=21186,0
RNC2202/BSC6900UCell,Label=1CLPBU2, CellID=12482,6.6
RNC2202/BSC6900UCell,Label=GLRIAH1, CellID=45761,46.775
RNC2202/BSC6900UCell,Label=AGUSTH1, CellID=43201,13.933
RNC2202/BSC6900UCell,Label=1MBOPH3, CellID=42433,39.836
RNC2202/BSC6900UCell,Label=BNTONH3, CellID=41153,0
RNC2202/BSC6900UCell,Label=RZOCMU9, CellID=30913,11.753
RNC2202/BSC6900UCell,Label=1SCBNU5, CellID=22465,9.361
RNC2202/BSC6900UCell,Label=CUERAU5, CellID=21185,0
RNC2202/BSC6900UCell,Label=1CLPBU1, CellID=12481,5.697
RNC2202/BSC6900UCell,Label=MBRAOU3, CellID=11713,36.983
RNC2202/BSC6900UCell,Label=BVASAH6, CellID=52416,31.878
RNC2202/BSC6900UCell,Label=STAMRH6, CellID=51136,35.842
RNC2202/BSC6900UCell,Label=1MBOPH2, CellID=42432,15.892
RNC2202/BSC6900UCell,Label=BNTONH2, CellID=41152,0
RNC2202/BSC6900UCell,Label=BNLAOU6, CellID=35776,13.736
RNC2202/BSC6900UCell,Label=RZOCMU8, CellID=30912,10.447
RNC2202/BSC6900UCell,Label=BRIRAU6, CellID=26816,0
RNC2202/BSC6900UCell,Label=1SCBNU4, CellID=22464,5.006
RNC2202/BSC6900UCell,Label=CUERAU4, CellID=21184,0
RNC2202/BSC6900UCell,Label=MBRAOU2, CellID=11712,24.992
RNC2202/BSC6900UCell,Label=BVASAH5, CellID=52415,16.367
RNC2202/BSC6900UCell,Label=STAMRH5, CellID=51135,33.775
RNC2202/BSC6900UCell,Label=1MBOPH1, CellID=42431,19.022
RNC2202/BSC6900UCell,Label=BNTONH1, CellID=41151,0
RNC2202/BSC6900UCell,Label=BNLAOU5, CellID=35775,17.756
RNC2202/BSC6900UCell,Label=1PGRPU9, CellID=31423,0.928
RNC2202/BSC6900UCell,Label=RZOCMU7, CellID=30911,13.008
RNC2202/BSC6900UCell,Label=BRIRAU5, CellID=26815,0
RNC2202/BSC6900UCell,Label=MBRAOU1, CellID=11711,11.472
RNC2202/BSC6900UCell,Label=BVASAH4, CellID=52414,57.397
RNC2202/BSC6900UCell,Label=STAMRH4, CellID=51134,29.211
RNC2202/BSC6900UCell,Label=BNLAOU4, CellID=35774,13.197
RNC2202/BSC6900UCell,Label=1PGRPU8, CellID=31422,2.261
RNC2202/BSC6900UCell,Label=BRIRAU4, CellID=26814,0
RNC2202/BSC6900UCell,Label=SUBAAH3, CellID=46013,19.933
RNC2202/BSC6900UCell,Label=1PGRPU7, CellID=31421,2.456
RNC2202/BSC6900UCell,Label=SUBAAH2, CellID=46012,46.406
RNC2202/BSC6900UCell,Label=SSILVU6, CellID=26556,0
RNC2202/BSC6900UCell,Label=LGAYAU6, CellID=21436,0.489
RNC2202/BSC6900UCell,Label=NAUJNU6, CellID=20156,10.356
RNC2202/BSC6900UCell,Label=SUBAAH1, CellID=46011,32.714
RNC2202/BSC6900UCell,Label=TOBATH3, CellID=42683,0
RNC2202/BSC6900UCell,Label=1MSYMH3, CellID=41403,22.842
RNC2202/BSC6900UCell,Label=CPLTLH3, CellID=40123,19.869
RNC2202/BSC6900UCell,Label=1SCZMU9, CellID=32443,5.503
RNC2202/BSC6900UCell,Label=TGDANU9, CellID=31163,31.481
RNC2202/BSC6900UCell,Label=SSILVU5, CellID=26555,0
RNC2202/BSC6900UCell,Label=LGAYAU5, CellID=21435,7.239
RNC2202/BSC6900UCell,Label=NAUJNU5, CellID=20155,45.222
RNC2202/BSC6900UCell,Label=1ODTPU3, CellID=15803,11.714
RNC2202/BSC6900UCell,Label=CALXXU1, CellID=11451,0
RNC2202/BSC6900UCell,Label=1POAPH6, CellID=56506,11.606
RNC2202/BSC6900UCell,Label=1BGBMH6, CellID=51386,31.217
RNC2202/BSC6900UCell,Label=TOBATH2, CellID=42682,0
RNC2202/BSC6900UCell,Label=1MSYMH2, CellID=41402,34.222
RNC2202/BSC6900UCell,Label=CPLTLH2, CellID=40122,19.944
RNC2202/BSC6900UCell,Label=1SCZMU8, CellID=32442,22.036
RNC2202/BSC6900UCell,Label=TGDANU8, CellID=31162,31.278
RNC2202/BSC6900UCell,Label=SSILVU4, CellID=26554,0
RNC2202/BSC6900UCell,Label=LGAYAU4, CellID=21434,4.153
RNC2202/BSC6900UCell,Label=NAUJNU4, CellID=20154,2.567
RNC2202/BSC6900UCell,Label=1ODTPU2, CellID=15802,18.633
RNC2202/BSC6900UCell,Label=1POAPH5, CellID=56505,32.011
RNC2202/BSC6900UCell,Label=1BGBMH5, CellID=51385,39.828
RNC2202/BSC6900UCell,Label=BNGABH3, CellID=45753,57.494
RNC2202/BSC6900UCell,Label=TOBATH1, CellID=42681,0
RNC2202/BSC6900UCell,Label=1MSYMH1, CellID=41401,14.067
RNC2202/BSC6900UCell,Label=CPLTLH1, CellID=40121,19.939
RNC2202/BSC6900UCell,Label=1SCZMU7, CellID=32441,5.481
RNC2202/BSC6900UCell,Label=TGDANU7, CellID=31161,25.256
RNC2202/BSC6900UCell,Label=1ODTPU1, CellID=15801,18.208
RNC2202/BSC6900UCell,Label=FEROMU3, CellID=11193,19.694
RNC2202/BSC6900UCell,Label=1POAPH4, CellID=56504,20.489
RNC2202/BSC6900UCell,Label=FERRLH6, CellID=55736,0
RNC2202/BSC6900UCell,Label=1BGBMH4, CellID=51384,12.497
RNC2202/BSC6900UCell,Label=BNGABH2, CellID=45752,51.272
RNC2202/BSC6900UCell,Label=FEROMU2, CellID=11192,13.789
RNC2202/BSC6900UCell,Label=FERRLH5, CellID=55735,0
RNC2202/BSC6900UCell,Label=CALPNH6, CellID=50103,10.156
RNC2202/BSC6900UCell,Label=BNGABH1, CellID=45751,33.144
RNC2202/BSC6900UCell,Label=1ABRPH3, CellID=42423,7.269
RNC2202/BSC6900UCell,Label=1SCRPU9, CellID=36023,53.861
RNC2202/BSC6900UCell,Label=SABRSU9, CellID=30903,0.872
RNC2202/BSC6900UCell,Label=SMRRAU3, CellID=25783,3.119
RNC2202/BSC6900UCell,Label=FEROMU1, CellID=11191,20.856
RNC2202/BSC6900UCell,Label=FERRLH4, CellID=55734,0
RNC2202/BSC6900UCell,Label=SIBCAH6, CellID=52406,19.189
RNC2202/BSC6900UCell,Label=CALPNH5, CellID=50102,20.183
RNC2202/BSC6900UCell,Label=1ABRPH2, CellID=42422,11.558
RNC2202/BSC6900UCell,Label=1SCRPU8, CellID=36022,58.3
RNC2202/BSC6900UCell,Label=SABRSU8, CellID=30902,8.653
RNC2202/BSC6900UCell,Label=SMRRAU2, CellID=25782,12.889
RNC2202/BSC6900UCell,Label=CEPCNU4, CellID=21174,0
RNC2202/BSC6900UCell,Label=SIBCAH5, CellID=52405,32.756
RNC2202/BSC6900UCell,Label=CALPNH4, CellID=50101,11.239
RNC2202/BSC6900UCell,Label=1ABRPH1, CellID=42421,5.781
RNC2202/BSC6900UCell,Label=1SCRPU7, CellID=36021,27.592
RNC2202/BSC6900UCell,Label=1NJAPU9, CellID=31413,3.528
RNC2202/BSC6900UCell,Label=SABRSU7, CellID=30901,2.014
RNC2202/BSC6900UCell,Label=CALPXU9, CellID=30133,14.564
RNC2202/BSC6900UCell,Label=SMRRAU1, CellID=25781,13.408
RNC2202/BSC6900UCell,Label=SIBCAH4, CellID=52404,3.872
RNC2202/BSC6900UCell,Label=1NJAPU8, CellID=31412,31.122
RNC2202/BSC6900UCell,Label=CALPXU8, CellID=30132,15.647
RNC2202/BSC6900UCell,Label=RZOCMU6, CellID=20916,10.828
RNC2202/BSC6900UCell,Label=GLRIAU9, CellID=35763,8.439
RNC2202/BSC6900UCell,Label=AGUSTU9, CellID=33203,0
RNC2202/BSC6900UCell,Label=1NJAPU7, CellID=31411,13.967
RNC2202/BSC6900UCell,Label=CALPXU7, CellID=30131,9.164
RNC2202/BSC6900UCell,Label=RZOCMU5, CellID=20915,10.133
RNC2202/BSC6900UCell,Label=SMATUU3, CellID=16563,0
RNC2202/BSC6900UCell,Label=BSIKTU3, CellID=11443,10.972
RNC2202/BSC6900UCell,Label=NAUJ1U3, CellID=10163,0
RNC2202/BSC6900UCell,Label=GLRIAU8, CellID=35762,13.492
RNC2202/BSC6900UCell,Label=AGUSTU8, CellID=33202,0
RNC2202/BSC6900UCell,Label=1PGRPU6, CellID=21426,2.536
RNC2202/BSC6900UCell,Label=RZOCMU4, CellID=20914,11.469
RNC2202/BSC6900UCell,Label=SMATUU2, CellID=16562,0
RNC2202/BSC6900UCell,Label=BSIKTU2, CellID=11442,5.319
RNC2202/BSC6900UCell,Label=NAUJ1U2, CellID=10162,0
RNC2202/BSC6900UCell,Label=1CLPLH3, CellID=41393,34.403
RNC2202/BSC6900UCell,Label=CALPAH3, CellID=40113,5.519
RNC2202/BSC6900UCell,Label=GLRIAU7, CellID=35761,22.197
RNC2202/BSC6900UCell,Label=AGUSTU7, CellID=33201,0
RNC2202/BSC6900UCell,Label=1MBOPU9, CellID=32433,13.794
RNC2202/BSC6900UCell,Label=1PGRPU5, CellID=21425,3.794
RNC2202/BSC6900UCell,Label=SMATUU1, CellID=16561,0
RNC2202/BSC6900UCell,Label=BSIKTU1, CellID=11441,22.642
RNC2202/BSC6900UCell,Label=NAUJ1U1, CellID=10161,0
RNC2202/BSC6900UCell,Label=LIBUGH6, CellID=52656,0
RNC2202/BSC6900UCell,Label=CAMAIH6, CellID=51376,9.794
RNC2202/BSC6900UCell,Label=1CLPLH2, CellID=41392,5.264
RNC2202/BSC6900UCell,Label=CALPAH2, CellID=40112,1.936
RNC2202/BSC6900UCell,Label=1MBOPU8, CellID=32432,11.706
RNC2202/BSC6900UCell,Label=BNTONU8, CellID=31152,0
RNC2202/BSC6900UCell,Label=1PGRPU4, CellID=21424,5.503
RNC2202/BSC6900UCell,Label=LIBUGH5, CellID=52655,0
RNC2202/BSC6900UCell,Label=CAMAIH5, CellID=51375,18.833
RNC2202/BSC6900UCell,Label=1CLPLH1, CellID=41391,32.892
RNC2202/BSC6900UCell,Label=CALPAH1, CellID=40111,30.922
RNC2202/BSC6900UCell,Label=1MBOPU7, CellID=32431,5.928
RNC2202/BSC6900UCell,Label=1SCBNU3, CellID=12463,6.219
RNC2202/BSC6900UCell,Label=CUERAU3, CellID=11183,0
RNC2202/BSC6900UCell,Label=SNTEOH6, CellID=55726,31.781
RNC2202/BSC6900UCell,Label=LIBUGH4, CellID=52654,0
RNC2202/BSC6900UCell,Label=CAMAIH4, CellID=51374,14.553
RNC2202/BSC6900UCell,Label=1SCZMU6, CellID=22446,4.956
RNC2202/BSC6900UCell,Label=TGDANU6, CellID=21166,30.306
RNC2202/BSC6900UCell,Label=1SCBNU2, CellID=12462,11.169
RNC2202/BSC6900UCell,Label=CUERAU2, CellID=11182,0
RNC2202/BSC6900UCell,Label=SNTEOH5, CellID=55725,39.528
RNC2202/BSC6900UCell,Label=BACOZH6, CellID=50093,17.669
RNC2202/BSC6900UCell,Label=BVASAH3, CellID=42413,32.747
RNC2202/BSC6900UCell,Label=STAMRH3, CellID=41133,22.292
RNC2202/BSC6900UCell,Label=SUBAAU9, CellID=36013,11.339
RNC2202/BSC6900UCell,Label=BNLAOU3, CellID=25773,12.478
RNC2202/BSC6900UCell,Label=1SCZMU5, CellID=22445,21.767
RNC2202/BSC6900UCell,Label=TGDANU5, CellID=21165,19.439
RNC2202/BSC6900UCell,Label=BRIRAU3, CellID=16813,0
RNC2202/BSC6900UCell,Label=1SCBNU1, CellID=12461,8.567
RNC2202/BSC6900UCell,Label=CUERAU1, CellID=11181,59.158
RNC2202/BSC6900UCell,Label=SNTEOH4, CellID=55724,25.969
RNC2202/BSC6900UCell,Label=1RXSCH6, CellID=52396,36.325
RNC2202/BSC6900UCell,Label=CRZOMH6, CellID=51116,39.833
RNC2202/BSC6900UCell,Label=BACOZH5, CellID=50092,10.753
RNC2202/BSC6900UCell,Label=BVASAH2, CellID=42412,20.103
RNC2202/BSC6900UCell,Label=STAMRH2, CellID=41132,26.014
RNC2202/BSC6900UCell,Label=SUBAAU8, CellID=36012,29.517
RNC2202/BSC6900UCell,Label=LNGYNU6, CellID=26796,0
RNC2202/BSC6900UCell,Label=BNLAOU2, CellID=25772,19.439
RNC2202/BSC6900UCell,Label=1SCZMU4, CellID=22444,2.694
RNC2202/BSC6900UCell,Label=TGDANU4, CellID=21164,22.967
RNC2202/BSC6900UCell,Label=BRIRAU2, CellID=16812,0
RNC2202/BSC6900UCell,Label=1RXSCH5, CellID=52395,21.758
RNC2202/BSC6900UCell,Label=CRZOMH5, CellID=51115,16.361
RNC2202/BSC6900UCell,Label=BACOZH4, CellID=50091,14.075
RNC2202/BSC6900UCell,Label=BVASAH1, CellID=42411,58.508
RNC2202/BSC6900UCell,Label=STAMRH1, CellID=41131,33.156
RNC2202/BSC6900UCell,Label=SUBAAU7, CellID=36011,23.814
RNC2202/BSC6900UCell,Label=TOBATU9, CellID=32683,20.611
RNC2202/BSC6900UCell,Label=1MSYMU9, CellID=31403,5.575
RNC2202/BSC6900UCell,Label=CPLTLU9, CellID=30123,10.364
RNC2202/BSC6900UCell,Label=LNGYNU5, CellID=26795,0
RNC2202/BSC6900UCell,Label=BNLAOU1, CellID=25771,18.569
RNC2202/BSC6900UCell,Label=BRIRAU1, CellID=16811,0
RNC2202/BSC6900UCell,Label=1RXSCH4, CellID=52394,54.917
RNC2202/BSC6900UCell,Label=CRZOMH4, CellID=51114,35.85
RNC2202/BSC6900UCell,Label=TOBATU8, CellID=32682,4.786
RNC2202/BSC6900UCell,Label=1MSYMU8, CellID=31402,14.858
RNC2202/BSC6900UCell,Label=CPLTLU8, CellID=30122,14.981
RNC2202/BSC6900UCell,Label=LNGYNU4, CellID=26794,0
RNC2202/BSC6900UCell,Label=1SCRPU6, CellID=26026,63.194
RNC2202/BSC6900UCell,Label=SABRSU6, CellID=20906,0.278
RNC2202/BSC6900UCell,Label=BNGABU9, CellID=35753,38.975
RNC2202/BSC6900UCell,Label=TOBATU7, CellID=32681,24.067
RNC2202/BSC6900UCell,Label=1MSYMU7, CellID=31401,20.7
RNC2202/BSC6900UCell,Label=CPLTLU7, CellID=30121,9.631
RNC2202/BSC6900UCell,Label=1SCRPU5, CellID=26025,59.003
RNC2202/BSC6900UCell,Label=SABRSU5, CellID=20905,9.489
RNC2202/BSC6900UCell,Label=SSILVU3, CellID=16553,0
RNC2202/BSC6900UCell,Label=LGAYAU3, CellID=11433,1.614
RNC2202/BSC6900UCell,Label=NAUJNU3, CellID=10153,12.372
RNC2202/BSC6900UCell,Label=BNGABU8, CellID=35752,32.231
RNC2202/BSC6900UCell,Label=SNAVAU6, CellID=26536,0.95
RNC2202/BSC6900UCell,Label=1SCRPU4, CellID=26024,25.864
RNC2202/BSC6900UCell,Label=1NJAPU6, CellID=21416,3.839
RNC2202/BSC6900UCell,Label=SABRSU4, CellID=20904,3.15
RNC2202/BSC6900UCell,Label=CALPXU6, CellID=20136,13.2
RNC2202/BSC6900UCell,Label=SSILVU2, CellID=16552,0
RNC2202/BSC6900UCell,Label=LGAYAU2, CellID=11432,10.942
RNC2202/BSC6900UCell,Label=NAUJNU2, CellID=10152,48.794
RNC2202/BSC6900UCell,Label=1POAPH3, CellID=46503,16.417
RNC2202/BSC6900UCell,Label=1BGBMH3, CellID=41383,32.5
RNC2202/BSC6900UCell,Label=CALPNH3, CellID=40103,13.242
RNC2202/BSC6900UCell,Label=BNGABU7, CellID=35751,26.453
RNC2202/BSC6900UCell,Label=1ABRPU9, CellID=32423,8.269
RNC2202/BSC6900UCell,Label=SNAVAU5, CellID=26535,12.794
RNC2202/BSC6900UCell,Label=1NJAPU5, CellID=21415,28.633
RNC2202/BSC6900UCell,Label=CALPXU5, CellID=20135,14.914
RNC2202/BSC6900UCell,Label=SSILVU1, CellID=16551,0
RNC2202/BSC6900UCell,Label=LGAYAU1, CellID=11431,9.153
RNC2202/BSC6900UCell,Label=NAUJNU1, CellID=10151,2.144
RNC2202/BSC6900UCell,Label=SUQUIH6, CellID=56486,10.414
RNC2202/BSC6900UCell,Label=SABLYH6, CellID=52646,24.3
RNC2202/BSC6900UCell,Label=ARORZH6, CellID=51366,21.644
RNC2202/BSC6900UCell,Label=1POAPH2, CellID=46502,38.019
RNC2202/BSC6900UCell,Label=1BGBMH2, CellID=41382,39.814
RNC2202/BSC6900UCell,Label=CALPNH2, CellID=40102,25.989
RNC2202/BSC6900UCell,Label=1ABRPU8, CellID=32422,20.947
RNC2202/BSC6900UCell,Label=SNAVAU4, CellID=26534,7.792
RNC2202/BSC6900UCell,Label=AGUSTU6, CellID=23206,0
RNC2202/BSC6900UCell,Label=1NJAPU4, CellID=21414,13.603
RNC2202/BSC6900UCell,Label=CALPXU4, CellID=20134,6.386
RNC2202/BSC6900UCell,Label=SUQUIH5, CellID=56485,6.453
RNC2202/BSC6900UCell,Label=SABLYH5, CellID=52645,8.089
RNC2202/BSC6900UCell,Label=ARORZH5, CellID=51365,24.378
RNC2202/BSC6900UCell,Label=1POAPH1, CellID=46501,22.867
RNC2202/BSC6900UCell,Label=FERRLH3, CellID=45733,0
RNC2202/BSC6900UCell,Label=1BGBMH1, CellID=41381,18.536
RNC2202/BSC6900UCell,Label=CALPNH1, CellID=40101,12.472
RNC2202/BSC6900UCell,Label=1ABRPU7, CellID=32421,9.089
RNC2202/BSC6900UCell,Label=AGUSTU5, CellID=23205,0
RNC2202/BSC6900UCell,Label=SUQUIH4, CellID=56484,11.256
RNC2202/BSC6900UCell,Label=SABLYH4, CellID=52644,39.747
RNC2202/BSC6900UCell,Label=ARORZH4, CellID=51364,26.628
RNC2202/BSC6900UCell,Label=FERRLH2, CellID=45732,0
RNC2202/BSC6900UCell,Label=AGUSTU4, CellID=23204,0
RNC2202/BSC6900UCell,Label=1MBOPU6, CellID=22436,14.236
RNC2202/BSC6900UCell,Label=MORTAH6, CellID=50083,26.494
RNC2202/BSC6900UCell,Label=FERRLH1, CellID=45731,0
RNC2202/BSC6900UCell,Label=SIBCAH3, CellID=42403,23.478
RNC2202/BSC6900UCell,Label=GLRIAU6, CellID=25763,10.969
RNC2202/BSC6900UCell,Label=1MBOPU5, CellID=22435,10.178
RNC2202/BSC6900UCell,Label=BNTONU5, CellID=21155,0
RNC2202/BSC6900UCell,Label=CEPCNU1, CellID=11171,15.256
RNC2202/BSC6900UCell,Label=SJCMTH6, CellID=52386,21.208
RNC2202/BSC6900UCell,Label=SAYSYH6, CellID=51106,32.686
RNC2202/BSC6900UCell,Label=MORTAH5, CellID=50082,23.608
RNC2202/BSC6900UCell,Label=SIBCAH2, CellID=42402,34.622
RNC2202/BSC6900UCell,Label=GLRIAU5, CellID=25762,13.269
RNC2202/BSC6900UCell,Label=1MBOPU4, CellID=22434,5.222
RNC2202/BSC6900UCell,Label=SJCMTH5, CellID=52385,34.975
RNC2202/BSC6900UCell,Label=SAYSYH5, CellID=51105,19.5
RNC2202/BSC6900UCell,Label=MORTAH4, CellID=50081,13.381
RNC2202/BSC6900UCell,Label=SIBCAH1, CellID=42401,4.078
RNC2202/BSC6900UCell,Label=1CLPLU9, CellID=31393,38.75
RNC2202/BSC6900UCell,Label=CALPAU9, CellID=30113,2.994
RNC2202/BSC6900UCell,Label=GLRIAU4, CellID=25761,19.717
RNC2202/BSC6900UCell,Label=RZOCMU3, CellID=10913,11.622
RNC2202/BSC6900UCell,Label=SJCMTH4, CellID=52384,24.964
RNC2202/BSC6900UCell,Label=SAYSYH4, CellID=51104,19.744
RNC2202/BSC6900UCell,Label=1CLPLU8, CellID=31392,14.256
RNC2202/BSC6900UCell,Label=CALPAU8, CellID=30112,1.197
RNC2202/BSC6900UCell,Label=SUBAAU6, CellID=26016,11.311
RNC2202/BSC6900UCell,Label=RZOCMU2, CellID=10912,12.106
RNC2202/BSC6900UCell,Label=1CLPLU7, CellID=31391,16.753
RNC2202/BSC6900UCell,Label=CALPAU7, CellID=30111,19.472
RNC2202/BSC6900UCell,Label=SUBAAU5, CellID=26015,34.631
RNC2202/BSC6900UCell,Label=1PGRPU3, CellID=11423,3.458
RNC2202/BSC6900UCell,Label=RZOCMU1, CellID=10911,14.381
RNC2202/BSC6900UCell,Label=SUBAAU4, CellID=26014,33.969
RNC2202/BSC6900UCell,Label=TOBATU6, CellID=22686,18.833
RNC2202/BSC6900UCell,Label=1MSYMU6, CellID=21406,5.739
RNC2202/BSC6900UCell,Label=CPLTLU6, CellID=20126,9.878
RNC2202/BSC6900UCell,Label=1PGRPU2, CellID=11422,5.531
RNC2202/BSC6900UCell,Label=LIBUGH3, CellID=42653,0
RNC2202/BSC6900UCell,Label=CAMAIH3, CellID=41373,16.328
RNC2202/BSC6900UCell,Label=BACOZH3, CellID=40093,24.358
RNC2202/BSC6900UCell,Label=BVASAU9, CellID=32413,20.981
RNC2202/BSC6900UCell,Label=STAMRU9, CellID=31133,32.075
RNC2202/BSC6900UCell,Label=TOBATU5, CellID=22685,4.842
RNC2202/BSC6900UCell,Label=1MSYMU5, CellID=21405,15.308
RNC2202/BSC6900UCell,Label=CPLTLU5, CellID=20125,15.283
RNC2202/BSC6900UCell,Label=1PGRPU1, CellID=11421,4.197
RNC2202/BSC6900UCell,Label=LNSAYH6, CellID=52636,24.014
RNC2202/BSC6900UCell,Label=NAGPIH6, CellID=51356,37.417
RNC2202/BSC6900UCell,Label=LIBUGH2, CellID=42652,0
RNC2202/BSC6900UCell,Label=CAMAIH2, CellID=41372,26.075
RNC2202/BSC6900UCell,Label=BACOZH2, CellID=40092,12.128
RNC2202/BSC6900UCell,Label=BVASAU8, CellID=32412,15.556
RNC2202/BSC6900UCell,Label=STAMRU8, CellID=31132,33.811
RNC2202/BSC6900UCell,Label=BNGABU6, CellID=25756,36.547
RNC2202/BSC6900UCell,Label=TOBATU4, CellID=22684,22.714
RNC2202/BSC6900UCell,Label=1MSYMU4, CellID=21404,19.414
RNC2202/BSC6900UCell,Label=CPLTLU4, CellID=20124,9.881
RNC2202/BSC6900UCell,Label=LNSAYH5, CellID=52635,27.519
RNC2202/BSC6900UCell,Label=NAGPIH5, CellID=51355,29.647
RNC2202/BSC6900UCell,Label=SNTEOH3, CellID=45723,34.592
RNC2202/BSC6900UCell,Label=LIBUGH1, CellID=42651,0
RNC2202/BSC6900UCell,Label=CAMAIH1, CellID=41371,20.908
RNC2202/BSC6900UCell,Label=BACOZH1, CellID=40091,17.678
RNC2202/BSC6900UCell,Label=BVASAU7, CellID=32411,29.206
RNC2202/BSC6900UCell,Label=STAMRU7, CellID=31131,22.639
RNC2202/BSC6900UCell,Label=BNGABU5, CellID=25755,32.919
RNC2202/BSC6900UCell,Label=1SCZMU3, CellID=12443,4.919
RNC2202/BSC6900UCell,Label=TGDANU3, CellID=11163,23.781
RNC2202/BSC6900UCell,Label=LNSAYH4, CellID=52634,21.389
RNC2202/BSC6900UCell,Label=NAGPIH4, CellID=51354,26.458
RNC2202/BSC6900UCell,Label=SNTEOH2, CellID=45722,39.7
RNC2202/BSC6900UCell,Label=BNGABU4, CellID=25754,25.219
RNC2202/BSC6900UCell,Label=1ABRPU6, CellID=22426,6.786
RNC2202/BSC6900UCell,Label=1SCZMU2, CellID=12442,26.903
RNC2202/BSC6900UCell,Label=TGDANU2, CellID=11162,21.261
RNC2202/BSC6900UCell,Label=SJCNTH6, CellID=50073,29.108
RNC2202/BSC6900UCell,Label=SNTEOH1, CellID=45721,29.369
RNC2202/BSC6900UCell,Label=1RXSCH3, CellID=42393,44.731
RNC2202/BSC6900UCell,Label=CRZOMH3, CellID=41113,39.867
RNC2202/BSC6900UCell,Label=1ABRPU5, CellID=22425,19.642
RNC2202/BSC6900UCell,Label=LNGYNU3, CellID=16793,0
RNC2202/BSC6900UCell,Label=1SCZMU1, CellID=12441,3.65
RNC2202/BSC6900UCell,Label=TGDANU1, CellID=11161,20.653
RNC2202/BSC6900UCell,Label=SJCNTH5, CellID=50072,25.039
RNC2202/BSC6900UCell,Label=1RXSCH2, CellID=42392,34.397
RNC2202/BSC6900UCell,Label=CRZOMH2, CellID=41112,21.561
RNC2202/BSC6900UCell,Label=1ABRPU4, CellID=22424,5.392
RNC2202/BSC6900UCell,Label=LNGYNU2, CellID=16792,0
RNC2202/BSC6900UCell,Label=SJCNTH4, CellID=50071,27.7
RNC2202/BSC6900UCell,Label=1RXSCH1, CellID=42391,57.797
RNC2202/BSC6900UCell,Label=CRZOMH1, CellID=41111,38.842
RNC2202/BSC6900UCell,Label=1POAPU9, CellID=36503,0
RNC2202/BSC6900UCell,Label=NAUJPU9, CellID=32663,4.408
RNC2202/BSC6900UCell,Label=1BGBMU9, CellID=31383,0
RNC2202/BSC6900UCell,Label=LNGYNU1, CellID=16791,0
RNC2202/BSC6900UCell,Label=1SCRPU3, CellID=16023,63.736
RNC2202/BSC6900UCell,Label=SABRSU3, CellID=10903,0.833
RNC2202/BSC6900UCell,Label=1POAPU8, CellID=36502,0
RNC2202/BSC6900UCell,Label=NAUJPU8, CellID=32662,22.089
RNC2202/BSC6900UCell,Label=1BGBMU8, CellID=31382,0
RNC2202/BSC6900UCell,Label=1SCRPU2, CellID=16022,60.269
RNC2202/BSC6900UCell,Label=SABRSU2, CellID=10902,11.169
RNC2202/BSC6900UCell,Label=1POAPU7, CellID=36501,0
RNC2202/BSC6900UCell,Label=FERRLU9, CellID=35733,1.35
RNC2202/BSC6900UCell,Label=NAUJPU7, CellID=32661,12.911
RNC2202/BSC6900UCell,Label=1BGBMU7, CellID=31381,0
RNC2202/BSC6900UCell,Label=SNAVAU3, CellID=16533,1.325
RNC2202/BSC6900UCell,Label=1SCRPU1, CellID=16021,29.542
RNC2202/BSC6900UCell,Label=1NJAPU3, CellID=11413,7.264
RNC2202/BSC6900UCell,Label=SABRSU1, CellID=10901,2.536
RNC2202/BSC6900UCell,Label=CALPXU3, CellID=10133,14.975
RNC2202/BSC6900UCell,Label=FERRLU8, CellID=35732,20.947
RNC2202/BSC6900UCell,Label=1CLPLU6, CellID=21396,34.969
RNC2202/BSC6900UCell,Label=CALPAU6, CellID=20116,2.225
RNC2202/BSC6900UCell,Label=SNAVAU2, CellID=16532,15.233
RNC2202/BSC6900UCell,Label=1NJAPU2, CellID=11412,34.136
RNC2202/BSC6900UCell,Label=CALPXU2, CellID=10132,16.336
RNC2202/BSC6900UCell,Label=SUQUIH3, CellID=46483,11.889
RNC2202/BSC6900UCell,Label=SABLYH3, CellID=42643,33.881
RNC2202/BSC6900UCell,Label=ARORZH3, CellID=41363,38.422
RNC2202/BSC6900UCell,Label=MORTAH3, CellID=40083,32.181
RNC2202/BSC6900UCell,Label=FERRLU7, CellID=35731,18.014
RNC2202/BSC6900UCell,Label=SIBCAU9, CellID=32403,0
RNC2202/BSC6900UCell,Label=CALPNU9, CellID=31123,9.183
RNC2202/BSC6900UCell,Label=1CLPLU5, CellID=21395,11.692
RNC2202/BSC6900UCell,Label=CALPAU5, CellID=20115,1.608
RNC2202/BSC6900UCell,Label=SNAVAU1, CellID=16531,7.111
RNC2202/BSC6900UCell,Label=GLRIAU3, CellID=15763,11.267
RNC2202/BSC6900UCell,Label=AGUSTU3, CellID=13203,0
RNC2202/BSC6900UCell,Label=1NJAPU1, CellID=11411,9.661
RNC2202/BSC6900UCell,Label=CALPXU1, CellID=10131,6.219
RNC2202/BSC6900UCell,Label=SAPULH6, CellID=56466,15.344
RNC2202/BSC6900UCell,Label=TANCOH6, CellID=52626,0.375
RNC2202/BSC6900UCell,Label=TNINOH6, CellID=51346,36.486
RNC2202/BSC6900UCell,Label=SUQUIH2, CellID=46482,8.35
RNC2202/BSC6900UCell,Label=SABLYH2, CellID=42642,11.492
RNC2202/BSC6900UCell,Label=ARORZH2, CellID=41362,38.364
RNC2202/BSC6900UCell,Label=MORTAH2, CellID=40082,29.461
RNC2202/BSC6900UCell,Label=SIBCAU8, CellID=32402,0
RNC2202/BSC6900UCell,Label=CALPNU8, CellID=31122,16.822
RNC2202/BSC6900UCell,Label=1CLPLU4, CellID=21394,17.964
RNC2202/BSC6900UCell,Label=CALPAU4, CellID=20114,20.842
RNC2202/BSC6900UCell,Label=GLRIAU2, CellID=15762,15.542
RNC2202/BSC6900UCell,Label=AGUSTU2, CellID=13202,0
RNC2202/BSC6900UCell,Label=SAPULH5, CellID=56465,11.706
RNC2202/BSC6900UCell,Label=TANCOH5, CellID=52625,11.431
RNC2202/BSC6900UCell,Label=TNINOH5, CellID=51345,34.253
RNC2202/BSC6900UCell,Label=SUQUIH1, CellID=46481,9.447
RNC2202/BSC6900UCell,Label=SABLYH1, CellID=42641,39.8
RNC2202/BSC6900UCell,Label=ARORZH1, CellID=41361,43.361
RNC2202/BSC6900UCell,Label=MORTAH1, CellID=40081,31.986
RNC2202/BSC6900UCell,Label=SIBCAU7, CellID=32401,0
RNC2202/BSC6900UCell,Label=CALPNU7, CellID=31121,21.333
RNC2202/BSC6900UCell,Label=GLRIAU1, CellID=15761,20.675
RNC2202/BSC6900UCell,Label=AGUSTU1, CellID=13201,0
RNC2202/BSC6900UCell,Label=1MBOPU3, CellID=12433,16.603
RNC2202/BSC6900UCell,Label=SAPULH4, CellID=56464,26.778
RNC2202/BSC6900UCell,Label=CLTANH6, CellID=55696,18.014
RNC2202/BSC6900UCell,Label=TANCOH4, CellID=52624,14.1
RNC2202/BSC6900UCell,Label=TNINOH4, CellID=51344,39.072
RNC2202/BSC6900UCell,Label=BVASAU6, CellID=22416,21.65
RNC2202/BSC6900UCell,Label=STAMRU6, CellID=21136,22.214
RNC2202/BSC6900UCell,Label=1MBOPU2, CellID=12432,11.753
RNC2202/BSC6900UCell,Label=BNTONU2, CellID=11152,41.769
RNC2202/BSC6900UCell,Label=CLTANH5, CellID=55695,16.933
RNC2202/BSC6900UCell,Label=SJOCMH6, CellID=50063,39.803
RNC2202/BSC6900UCell,Label=SJCMTH3, CellID=42383,29.892
RNC2202/BSC6900UCell,Label=SAYSYH3, CellID=41103,38.461
RNC2202/BSC6900UCell,Label=BVASAU5, CellID=22415,14.153
RNC2202/BSC6900UCell,Label=STAMRU5, CellID=21135,20.294
RNC2202/BSC6900UCell,Label=1MBOPU1, CellID=12431,9.228
RNC2202/BSC6900UCell,Label=CLTANH4, CellID=55694,4.006
RNC2202/BSC6900UCell,Label=ROMBLH6, CellID=53646,0
RNC2202/BSC6900UCell,Label=WTBCHH6, CellID=51086,0
RNC2202/BSC6900UCell,Label=SJOCMH5, CellID=50062,39.764
RNC2202/BSC6900UCell,Label=SJCMTH2, CellID=42382,39.011
RNC2202/BSC6900UCell,Label=SAYSYH2, CellID=41102,19.9
RNC2202/BSC6900UCell,Label=ZNGDDU6, CellID=26766,0
RNC2202/BSC6900UCell,Label=BVASAU4, CellID=22414,30.914
RNC2202/BSC6900UCell,Label=STAMRU4, CellID=21134,10.261
RNC2202/BSC6900UCell,Label=ROMBLH5, CellID=53645,0
RNC2202/BSC6900UCell,Label=SJOCMH4, CellID=50061,34.983
RNC2202/BSC6900UCell,Label=SJCMTH1, CellID=42381,32.114
RNC2202/BSC6900UCell,Label=SAYSYH1, CellID=41101,19.642
RNC2202/BSC6900UCell,Label=LIBUGU9, CellID=32653,0
RNC2202/BSC6900UCell,Label=CAMAIU9, CellID=31373,7.356
RNC2202/BSC6900UCell,Label=BACOZU9, CellID=30093,9.831
RNC2202/BSC6900UCell,Label=ZNGDDU5, CellID=26765,0
RNC2202/BSC6900UCell,Label=SUBAAU3, CellID=16013,13.689
RNC2202/BSC6900UCell,Label=ROMBLH4, CellID=53644,0
RNC2202/BSC6900UCell,Label=LIBUGU8, CellID=32652,0
RNC2202/BSC6900UCell,Label=CAMAIU8, CellID=31372,6.386
RNC2202/BSC6900UCell,Label=BACOZU8, CellID=30092,4.636
RNC2202/BSC6900UCell,Label=ZNGDDU4, CellID=26764,0
RNC2202/BSC6900UCell,Label=SUBAAU2, CellID=16012,37.525
RNC2202/BSC6900UCell,Label=SNTEOU9, CellID=35723,25.6
RNC2202/BSC6900UCell,Label=LIBUGU7, CellID=32651,0
RNC2202/BSC6900UCell,Label=CAMAIU7, CellID=31371,5.586
RNC2202/BSC6900UCell,Label=BACOZU7, CellID=30091,5.781
RNC2202/BSC6900UCell,Label=SUBAAU1, CellID=16011,33.289
RNC2202/BSC6900UCell,Label=TOBATU3, CellID=12683,21.425
RNC2202/BSC6900UCell,Label=1MSYMU3, CellID=11403,4.014
RNC2202/BSC6900UCell,Label=CPLTLU3, CellID=10123,13.475
RNC2202/BSC6900UCell,Label=SNTEOU8, CellID=35722,21.122
RNC2202/BSC6900UCell,Label=1POAPU6, CellID=26506,0
RNC2202/BSC6900UCell,Label=NAUJPU6, CellID=22666,4.931
RNC2202/BSC6900UCell,Label=1BGBMU6, CellID=21386,0
RNC2202/BSC6900UCell,Label=TOBATU2, CellID=12682,7.078
RNC2202/BSC6900UCell,Label=1MSYMU2, CellID=11402,14.65
RNC2202/BSC6900UCell,Label=CPLTLU2, CellID=10122,15.819
RNC2202/BSC6900UCell,Label=LNSAYH3, CellID=42633,27.458
RNC2202/BSC6900UCell,Label=NAGPIH3, CellID=41353,45.925
RNC2202/BSC6900UCell,Label=SJCNTH3, CellID=40073,32.053
RNC2202/BSC6900UCell,Label=SNTEOU7, CellID=35721,18.611
RNC2202/BSC6900UCell,Label=1RXSCU9, CellID=32393,44.447
RNC2202/BSC6900UCell,Label=CRZOMU9, CellID=31113,40.458
RNC2202/BSC6900UCell,Label=1POAPU5, CellID=26505,0
RNC2202/BSC6900UCell,Label=NAUJPU5, CellID=22665,20.994
RNC2202/BSC6900UCell,Label=1BGBMU5, CellID=21385,0
RNC2202/BSC6900UCell,Label=BNGABU3, CellID=15753,38.917
RNC2202/BSC6900UCell,Label=TOBATU1, CellID=12681,27.542
RNC2202/BSC6900UCell,Label=1MSYMU1, CellID=11401,20.331
RNC2202/BSC6900UCell,Label=CPLTLU1, CellID=10121,13.353
RNC2202/BSC6900UCell,Label=ADLOGH6, CellID=52616,9.444
RNC2202/BSC6900UCell,Label=LNSAYH2, CellID=42632,31.619
RNC2202/BSC6900UCell,Label=NAGPIH2, CellID=41352,40.422
RNC2202/BSC6900UCell,Label=SJCNTH2, CellID=40072,24.458
RNC2202/BSC6900UCell,Label=1RXSCU8, CellID=32392,29.878
RNC2202/BSC6900UCell,Label=CRZOMU8, CellID=31112,18.086
RNC2202/BSC6900UCell,Label=1POAPU4, CellID=26504,0
RNC2202/BSC6900UCell,Label=FERRLU6, CellID=25736,1.011
RNC2202/BSC6900UCell,Label=NAUJPU4, CellID=22664,15.825
RNC2202/BSC6900UCell,Label=1BGBMU4, CellID=21384,0
RNC2202/BSC6900UCell,Label=BNGABU2, CellID=15752,33.15
RNC2202/BSC6900UCell,Label=ADLOGH5, CellID=52615,15.469
RNC2202/BSC6900UCell,Label=LNSAYH1, CellID=42631,22.939
RNC2202/BSC6900UCell,Label=NAGPIH1, CellID=41351,36.914
RNC2202/BSC6900UCell,Label=SJCNTH1, CellID=40071,29.967
RNC2202/BSC6900UCell,Label=1RXSCU7, CellID=32391,35.206
RNC2202/BSC6900UCell,Label=CRZOMU7, CellID=31111,25.503
RNC2202/BSC6900UCell,Label=FERRLU5, CellID=25735,24.6
RNC2202/BSC6900UCell,Label=BNGABU1, CellID=15751,25.442
RNC2202/BSC6900UCell,Label=1ABRPU3, CellID=12423,7.825
RNC2202/BSC6900UCell,Label=CANUBH6, CellID=55686,37.828
RNC2202/BSC6900UCell,Label=ADLOGH4, CellID=52614,2.964
RNC2202/BSC6900UCell,Label=FERRLU4, CellID=25734,18.236
RNC2202/BSC6900UCell,Label=SIBCAU6, CellID=22406,0
RNC2202/BSC6900UCell,Label=1ABRPU2, CellID=12422,21.047
RNC2202/BSC6900UCell,Label=CANUBH5, CellID=55685,45.05
RNC2202/BSC6900UCell,Label=SIKATH6, CellID=50053,35.628
RNC2202/BSC6900UCell,Label=SIBCAU5, CellID=22405,0
RNC2202/BSC6900UCell,Label=1ABRPU1, CellID=12421,10.844
RNC2202/BSC6900UCell,Label=CANUBH4, CellID=55684,41.908
RNC2202/BSC6900UCell,Label=SIKATH5, CellID=50052,11.092
RNC2202/BSC6900UCell,Label=SIBCAU4, CellID=22404,0
RNC2202/BSC6900UCell,Label=SIKATH4, CellID=50051,35.042
RNC2202/BSC6900UCell,Label=SUQUIU9, CellID=36483,6.322
RNC2202/BSC6900UCell,Label=SABLYU9, CellID=32643,15.572
RNC2202/BSC6900UCell,Label=ARORZU9, CellID=31363,4.206
RNC2202/BSC6900UCell,Label=MORTAU9, CellID=30083,9.658
RNC2202/BSC6900UCell,Label=CALPNU6, CellID=21123,6.65
RNC2202/BSC6900UCell,Label=SUQUIU8, CellID=36482,2.489
RNC2202/BSC6900UCell,Label=SABLYU8, CellID=32642,3.581
RNC2202/BSC6900UCell,Label=ARORZU8, CellID=31362,10.75
RNC2202/BSC6900UCell,Label=MORTAU8, CellID=30082,5.789
RNC2202/BSC6900UCell,Label=CALPNU5, CellID=21122,16.211
RNC2202/BSC6900UCell,Label=SUQUIU7, CellID=36481,10.306
RNC2202/BSC6900UCell,Label=SABLYU7, CellID=32641,22.256
RNC2202/BSC6900UCell,Label=ARORZU7, CellID=31361,11.483
RNC2202/BSC6900UCell,Label=MORTAU7, CellID=30081,5.717
RNC2202/BSC6900UCell,Label=CALPNU4, CellID=21121,22.339
RNC2202/BSC6900UCell,Label=1CLPLU3, CellID=11393,34.983
RNC2202/BSC6900UCell,Label=CALPAU3, CellID=10113,3.267
RNC2202/BSC6900UCell,Label=LIBUGU6, CellID=22656,0
RNC2202/BSC6900UCell,Label=CAMAIU6, CellID=21376,5.828
RNC2202/BSC6900UCell,Label=BACOZU6, CellID=20096,10.631
RNC2202/BSC6900UCell,Label=1CLPLU2, CellID=11392,10.761
RNC2202/BSC6900UCell,Label=CALPAU2, CellID=10112,1.731
RNC2202/BSC6900UCell,Label=SAPULH3, CellID=46463,16.194
RNC2202/BSC6900UCell,Label=TANCOH3, CellID=42623,2.728
RNC2202/BSC6900UCell,Label=TNINOH3, CellID=41343,37.514
RNC2202/BSC6900UCell,Label=SJOCMH3, CellID=40063,39.628
RNC2202/BSC6900UCell,Label=SJCMTU9, CellID=32383,19.264
RNC2202/BSC6900UCell,Label=SAYSYU9, CellID=31103,23.508
RNC2202/BSC6900UCell,Label=LIBUGU5, CellID=22655,0
RNC2202/BSC6900UCell,Label=CAMAIU5, CellID=21375,5.731
RNC2202/BSC6900UCell,Label=BACOZU5, CellID=20095,3.811
RNC2202/BSC6900UCell,Label=1CLPLU1, CellID=11391,19.061
RNC2202/BSC6900UCell,Label=CALPAU1, CellID=10111,25.031
RNC2202/BSC6900UCell,Label=DNAO1H6, CellID=51326,41.45
RNC2202/BSC6900UCell,Label=SAPULH2, CellID=46462,14.258
RNC2202/BSC6900UCell,Label=TANCOH2, CellID=42622,15.419
RNC2202/BSC6900UCell,Label=TNINOH2, CellID=41342,34.903
RNC2202/BSC6900UCell,Label=SJOCMH2, CellID=40062,39.694
RNC2202/BSC6900UCell,Label=SJCMTU8, CellID=32382,25.669
RNC2202/BSC6900UCell,Label=SAYSYU8, CellID=31102,24.764
RNC2202/BSC6900UCell,Label=SNTEOU6, CellID=25726,21.286
RNC2202/BSC6900UCell,Label=LIBUGU4, CellID=22654,0
RNC2202/BSC6900UCell,Label=CAMAIU4, CellID=21374,5.303
RNC2202/BSC6900UCell,Label=BACOZU4, CellID=20094,6.031
RNC2202/BSC6900UCell,Label=DNAO1H5, CellID=51325,12.289
RNC2202/BSC6900UCell,Label=SAPULH1, CellID=46461,33.253
RNC2202/BSC6900UCell,Label=CLTANH3, CellID=45693,20.772
RNC2202/BSC6900UCell,Label=TANCOH1, CellID=42621,18.639
RNC2202/BSC6900UCell,Label=TNINOH1, CellID=41341,19.8
RNC2202/BSC6900UCell,Label=SJOCMH1, CellID=40061,34.906
RNC2202/BSC6900UCell,Label=SJCMTU7, CellID=32381,13.344
RNC2202/BSC6900UCell,Label=SAYSYU7, CellID=31101,17.886
RNC2202/BSC6900UCell,Label=SNTEOU5, CellID=25725,16.675
RNC2202/BSC6900UCell,Label=BVASAU3, CellID=12413,25.544
RNC2202/BSC6900UCell,Label=STAMRU3, CellID=11133,30.244
RNC2202/BSC6900UCell,Label=DNAO1H4, CellID=51324,27.978
RNC2202/BSC6900UCell,Label=CLTANH2, CellID=45692,21.678
RNC2202/BSC6900UCell,Label=SNTEOU4, CellID=25724,14.186
RNC2202/BSC6900UCell,Label=1RXSCU6, CellID=22396,42.222
RNC2202/BSC6900UCell,Label=CRZOMU6, CellID=21116,40.461
RNC2202/BSC6900UCell,Label=BVASAU2, CellID=12412,19.014
RNC2202/BSC6900UCell,Label=STAMRU2, CellID=11132,26.753
RNC2202/BSC6900UCell,Label=CLTANH1, CellID=45691,5.067
RNC2202/BSC6900UCell,Label=ROMBLH3, CellID=43643,0
RNC2202/BSC6900UCell,Label=WTBCHH3, CellID=41083,0
RNC2202/BSC6900UCell,Label=1RXSCU5, CellID=22395,25.617
RNC2202/BSC6900UCell,Label=CRZOMU5, CellID=21115,20.825
RNC2202/BSC6900UCell,Label=ZNGDDU3, CellID=16763,0
RNC2202/BSC6900UCell,Label=BVASAU1, CellID=12411,32.492
RNC2202/BSC6900UCell,Label=STAMRU1, CellID=11131,13.433
RNC2202/BSC6900UCell,Label=ROMBLH2, CellID=43642,0
RNC2202/BSC6900UCell,Label=1RXSCU4, CellID=22394,34.289
RNC2202/BSC6900UCell,Label=CRZOMU4, CellID=21114,26.697
RNC2202/BSC6900UCell,Label=ZNGDDU2, CellID=16762,0
RNC2202/BSC6900UCell,Label=ROMBLH1, CellID=43641,0
RNC2202/BSC6900UCell,Label=LNSAYU9, CellID=32633,3.331
RNC2202/BSC6900UCell,Label=NAGPIU9, CellID=31353,11.117
RNC2202/BSC6900UCell,Label=SJCNTU9, CellID=30073,21.264
RNC2202/BSC6900UCell,Label=ZNGDDU1, CellID=16761,0
RNC2202/BSC6900UCell,Label=CAROLH6, CellID=50296,0
RNC2202/BSC6900UCell,Label=LNSAYU8, CellID=32632,11.689
RNC2202/BSC6900UCell,Label=NAGPIU8, CellID=31352,12.633
RNC2202/BSC6900UCell,Label=SJCNTU8, CellID=30072,12.728
RNC2202/BSC6900UCell,Label=CAROLH5, CellID=50295,0
RNC2202/BSC6900UCell,Label=LNSAYU7, CellID=32631,2.844
RNC2202/BSC6900UCell,Label=NAGPIU7, CellID=31351,16.122
RNC2202/BSC6900UCell,Label=SJCNTU7, CellID=30071,13.222
RNC2202/BSC6900UCell,Label=1POAPU3, CellID=16503,0
RNC2202/BSC6900UCell,Label=NAUJPU3, CellID=12663,5.744
RNC2202/BSC6900UCell,Label=1BGBMU3, CellID=11383,0
RNC2202/BSC6900UCell,Label=CAROLH4, CellID=50294,0
RNC2202/BSC6900UCell,Label=SUQUIU6, CellID=26486,6.358
RNC2202/BSC6900UCell,Label=SABLYU6, CellID=22646,14.25
RNC2202/BSC6900UCell,Label=ARORZU6, CellID=21366,4.972
RNC2202/BSC6900UCell,Label=MORTAU6, CellID=20086,8.769
RNC2202/BSC6900UCell,Label=1POAPU2, CellID=16502,0
RNC2202/BSC6900UCell,Label=NAUJPU2, CellID=12662,20.883
RNC2202/BSC6900UCell,Label=1BGBMU2, CellID=11382,0
RNC2202/BSC6900UCell,Label=ADLOGH3, CellID=42613,10.256
RNC2202/BSC6900UCell,Label=SIKATH3, CellID=40053,38.408
RNC2202/BSC6900UCell,Label=ODIONU9, CellID=33653,15.256
RNC2202/BSC6900UCell,Label=SUQUIU5, CellID=26485,1.019
RNC2202/BSC6900UCell,Label=SABLYU5, CellID=22645,5.067
RNC2202/BSC6900UCell,Label=ARORZU5, CellID=21365,9.292
RNC2202/BSC6900UCell,Label=MORTAU5, CellID=20085,7.056
RNC2202/BSC6900UCell,Label=1POAPU1, CellID=16501,0
RNC2202/BSC6900UCell,Label=FERRLU3, CellID=15733,3.914
RNC2202/BSC6900UCell,Label=NAUJPU1, CellID=12661,17.983
RNC2202/BSC6900UCell,Label=1BGBMU1, CellID=11381,0
RNC2202/BSC6900UCell,Label=ADLOGH2, CellID=42612,15.947
RNC2202/BSC6900UCell,Label=SIKATH2, CellID=40052,16.586
RNC2202/BSC6900UCell,Label=ODIONU8, CellID=33652,19.794
RNC2202/BSC6900UCell,Label=SUQUIU4, CellID=26484,12.022
RNC2202/BSC6900UCell,Label=SABLYU4, CellID=22644,21.864
RNC2202/BSC6900UCell,Label=ARORZU4, CellID=21364,6.947
RNC2202/BSC6900UCell,Label=MORTAU4, CellID=20084,6.475
RNC2202/BSC6900UCell,Label=FERRLU2, CellID=15732,24.044
RNC2202/BSC6900UCell,Label=CANUBH3, CellID=45683,39.094
RNC2202/BSC6900UCell,Label=ADLOGH1, CellID=42611,5.222
RNC2202/BSC6900UCell,Label=SIKATH1, CellID=40051,36.722
RNC2202/BSC6900UCell,Label=ODIONU7, CellID=33651,17.658
RNC2202/BSC6900UCell,Label=FERRLU1, CellID=15731,20.406
RNC2202/BSC6900UCell,Label=SIBCAU3, CellID=12403,0
RNC2202/BSC6900UCell,Label=CALPNU3, CellID=11123,9.233
RNC2202/BSC6900UCell,Label=NDRESH6, CellID=55666,0
RNC2202/BSC6900UCell,Label=CANUBH2, CellID=45682,52.772
RNC2202/BSC6900UCell,Label=SJCMTU6, CellID=22386,21.394
RNC2202/BSC6900UCell,Label=SAYSYU6, CellID=21106,24.256
RNC2202/BSC6900UCell,Label=SIBCAU2, CellID=12402,0
RNC2202/BSC6900UCell,Label=CALPNU2, CellID=11122,15.386
RNC2202/BSC6900UCell,Label=NDRESH5, CellID=55665,0
RNC2202/BSC6900UCell,Label=SBLYNH6, CellID=50033,11.258
RNC2202/BSC6900UCell,Label=CANUBH1, CellID=45681,45.092
RNC2202/BSC6900UCell,Label=SJCMTU5, CellID=22385,27.375
RNC2202/BSC6900UCell,Label=SAYSYU5, CellID=21105,26.208
RNC2202/BSC6900UCell,Label=SIBCAU1, CellID=12401,0
RNC2202/BSC6900UCell,Label=CALPNU1, CellID=11121,18.978
RNC2202/BSC6900UCell,Label=NDRESH4, CellID=55664,0
RNC2202/BSC6900UCell,Label=SBLYNH5, CellID=50032,7.15
RNC2202/BSC6900UCell,Label=CLTANU6, CellID=35696,11.236
RNC2202/BSC6900UCell,Label=SJCMTU4, CellID=22384,12.581
RNC2202/BSC6900UCell,Label=SAYSYU4, CellID=21104,18.697
RNC2202/BSC6900UCell,Label=SBLYNH4, CellID=50031,10.581
RNC2202/BSC6900UCell,Label=SAPULU9, CellID=36463,14.786
RNC2202/BSC6900UCell,Label=CLTANU5, CellID=35695,6.233
RNC2202/BSC6900UCell,Label=TANCOU9, CellID=32623,1.408
RNC2202/BSC6900UCell,Label=TNINOU9, CellID=31343,25.55
RNC2202/BSC6900UCell,Label=SJOCMU9, CellID=30063,36.539
RNC2202/BSC6900UCell,Label=SAPULU8, CellID=36462,10.8
RNC2202/BSC6900UCell,Label=CLTANU4, CellID=35694,13.272
RNC2202/BSC6900UCell,Label=TANCOU8, CellID=32622,11.061
RNC2202/BSC6900UCell,Label=TNINOU8, CellID=31342,29.272
RNC2202/BSC6900UCell,Label=SJOCMU8, CellID=30062,16.861
RNC2202/BSC6900UCell,Label=SAPULU7, CellID=36461,14.147
RNC2202/BSC6900UCell,Label=CLTANU9, CellID=35693,11.542
RNC2202/BSC6900UCell,Label=TANCOU7, CellID=32621,5.553
RNC2202/BSC6900UCell,Label=TNINOU7, CellID=31341,20.594
RNC2202/BSC6900UCell,Label=SJOCMU7, CellID=30061,15.389
RNC2202/BSC6900UCell,Label=LIBUGU3, CellID=12653,0
RNC2202/BSC6900UCell,Label=CAMAIU3, CellID=11373,8.772
RNC2202/BSC6900UCell,Label=BACOZU3, CellID=10093,15.278
RNC2202/BSC6900UCell,Label=CLTANU8, CellID=35692,5.578
RNC2202/BSC6900UCell,Label=LNSAYU6, CellID=22636,6.181
RNC2202/BSC6900UCell,Label=NAGPIU6, CellID=21356,12.047
RNC2202/BSC6900UCell,Label=SJCNTU6, CellID=20076,22.656
RNC2202/BSC6900UCell,Label=LIBUGU2, CellID=12652,0
RNC2202/BSC6900UCell,Label=CAMAIU2, CellID=11372,11.067
RNC2202/BSC6900UCell,Label=BACOZU2, CellID=10092,6.572
RNC2202/BSC6900UCell,Label=DNAO1H3, CellID=41323,38.889
RNC2202/BSC6900UCell,Label=CLTANU7, CellID=35691,15.333
RNC2202/BSC6900UCell,Label=WTBCHU9, CellID=31083,0
RNC2202/BSC6900UCell,Label=LNSAYU5, CellID=22635,10.867
RNC2202/BSC6900UCell,Label=NAGPIU5, CellID=21355,10.992
RNC2202/BSC6900UCell,Label=SJCNTU5, CellID=20075,13.85
RNC2202/BSC6900UCell,Label=SNTEOU3, CellID=15723,23.078
RNC2202/BSC6900UCell,Label=LIBUGU1, CellID=12651,0
RNC2202/BSC6900UCell,Label=CAMAIU1, CellID=11371,5.222
RNC2202/BSC6900UCell,Label=BACOZU1, CellID=10091,8.506
RNC2202/BSC6900UCell,Label=CENTRH6, CellID=52586,39.608
RNC2202/BSC6900UCell,Label=TIKOLH6, CellID=51306,7.956
RNC2202/BSC6900UCell,Label=DNAO1H2, CellID=41322,13.964
RNC2202/BSC6900UCell,Label=WTBCHU8, CellID=31082,10.733
RNC2202/BSC6900UCell,Label=LNSAYU4, CellID=22634,3.233
RNC2202/BSC6900UCell,Label=NAGPIU4, CellID=21354,12.275
RNC2202/BSC6900UCell,Label=SJCNTU4, CellID=20074,15.567
RNC2202/BSC6900UCell,Label=SNTEOU2, CellID=15722,20.436
RNC2202/BSC6900UCell,Label=CENTRH5, CellID=52585,35.494
RNC2202/BSC6900UCell,Label=TIKOLH5, CellID=51305,33.661
RNC2202/BSC6900UCell,Label=DNAO1H1, CellID=41321,30.058
RNC2202/BSC6900UCell,Label=WTBCHU7, CellID=31081,10.344
RNC2202/BSC6900UCell,Label=SNTEOU1, CellID=15721,15.528
RNC2202/BSC6900UCell,Label=1RXSCU3, CellID=12393,44.55
RNC2202/BSC6900UCell,Label=CRZOMU3, CellID=11113,40.719
RNC2202/BSC6900UCell,Label=CMBOTH6, CellID=56936,20.492
RNC2202/BSC6900UCell,Label=CENTRH4, CellID=52584,39.511
RNC2202/BSC6900UCell,Label=TIKOLH4, CellID=51304,34.597
RNC2202/BSC6900UCell,Label=ODIONU6, CellID=23656,13.511
RNC2202/BSC6900UCell,Label=1RXSCU2, CellID=12392,31.986
RNC2202/BSC6900UCell,Label=CRZOMU2, CellID=11112,24.2
RNC2202/BSC6900UCell,Label=CMBOTH5, CellID=56935,25.089
RNC2202/BSC6900UCell,Label=MBRAOH6, CellID=50023,15.928
RNC2202/BSC6900UCell,Label=ODIONU5, CellID=23655,19.817
RNC2202/BSC6900UCell,Label=1RXSCU1, CellID=12391,41.653
RNC2202/BSC6900UCell,Label=CRZOMU1, CellID=11111,28.8
RNC2202/BSC6900UCell,Label=CMBOTH4, CellID=56934,39.583
RNC2202/BSC6900UCell,Label=MBRAOH5, CellID=50022,10.519
RNC2202/BSC6900UCell,Label=ODIONU4, CellID=23654,17.119
RNC2202/BSC6900UCell,Label=BUCAOH6, CellID=53093,39.358
RNC2202/BSC6900UCell,Label=MBRAOH4, CellID=50021,7.406
RNC2202/BSC6900UCell,Label=CAROLH3, CellID=40293,0
RNC2202/BSC6900UCell,Label=SIKATU9, CellID=30053,38.164
RNC2202/BSC6900UCell,Label=BUCAOH5, CellID=53092,9.964
RNC2202/BSC6900UCell,Label=MANSAH6, CellID=50276,0
RNC2202/BSC6900UCell,Label=CAROLH2, CellID=40292,0
RNC2202/BSC6900UCell,Label=SIKATU8, CellID=30052,10.197
RNC2202/BSC6900UCell,Label=BUCAOH4, CellID=53091,38.636
RNC2202/BSC6900UCell,Label=MANSAH5, CellID=50275,0
RNC2202/BSC6900UCell,Label=CAROLH1, CellID=40291,0
RNC2202/BSC6900UCell,Label=CANUBU9, CellID=35683,26.681
RNC2202/BSC6900UCell,Label=ADLOGU7, CellID=32611,4.939
RNC2202/BSC6900UCell,Label=SIKATU7, CellID=30051,20.822
RNC2202/BSC6900UCell,Label=SUQUIU3, CellID=16483,5.481
RNC2202/BSC6900UCell,Label=SABLYU3, CellID=12643,16.797
RNC2202/BSC6900UCell,Label=ARORZU3, CellID=11363,6.214
RNC2202/BSC6900UCell,Label=MORTAU3, CellID=10083,10.953
RNC2202/BSC6900UCell,Label=MANSAH4, CellID=50274,0
RNC2202/BSC6900UCell,Label=CANUBU8, CellID=35682,26.353
RNC2202/BSC6900UCell,Label=SAPULU6, CellID=26466,11.128
RNC2202/BSC6900UCell,Label=TANCOU6, CellID=22626,0.9
RNC2202/BSC6900UCell,Label=TNINOU6, CellID=21346,26.133
RNC2202/BSC6900UCell,Label=SJOCMU6, CellID=20066,37.036
RNC2202/BSC6900UCell,Label=SUQUIU2, CellID=16482,0.972
RNC2202/BSC6900UCell,Label=SABLYU2, CellID=12642,4.722
RNC2202/BSC6900UCell,Label=ARORZU2, CellID=11362,12.5
RNC2202/BSC6900UCell,Label=MORTAU2, CellID=10082,11.811
RNC2202/BSC6900UCell,Label=SBLYNH3, CellID=40033,10.856
RNC2202/BSC6900UCell,Label=CANUBU7, CellID=35681,38.936
RNC2202/BSC6900UCell,Label=SAPULU5, CellID=26465,10.064
RNC2202/BSC6900UCell,Label=TANCOU5, CellID=22625,11.164
RNC2202/BSC6900UCell,Label=TNINOU5, CellID=21345,28.983
RNC2202/BSC6900UCell,Label=SJOCMU5, CellID=20065,17.356
RNC2202/BSC6900UCell,Label=SUQUIU1, CellID=16481,9.794
RNC2202/BSC6900UCell,Label=SABLYU1, CellID=12641,24.839
RNC2202/BSC6900UCell,Label=ARORZU1, CellID=11361,13.864
RNC2202/BSC6900UCell,Label=MORTAU1, CellID=10081,8.317
RNC2202/BSC6900UCell,Label=AILOGH6, CellID=50016,9.453
RNC2202/BSC6900UCell,Label=SBLYNH2, CellID=40032,10.764
RNC2202/BSC6900UCell,Label=SAPULU4, CellID=26464,13.233
RNC2202/BSC6900UCell,Label=TANCOU4, CellID=22624,4.847
RNC2202/BSC6900UCell,Label=TNINOU4, CellID=21344,20.497
RNC2202/BSC6900UCell,Label=SJOCMU4, CellID=20064,15.681
RNC2202/BSC6900UCell,Label=NDRESH3, CellID=45663,0
RNC2202/BSC6900UCell,Label=SBLYNH1, CellID=40031,13.839
RNC2202/BSC6900UCell,Label=SJCMTU3, CellID=12383,21
RNC2202/BSC6900UCell,Label=SAYSYU3, CellID=11103,25.136
RNC2202/BSC6900UCell,Label=NDRESH2, CellID=45662,0
RNC2202/BSC6900UCell,Label=TRAVAH6, CellID=40286,0
RNC2202/BSC6900UCell,Label=ROMBLU6, CellID=23646,39.967
RNC2202/BSC6900UCell,Label=WTBCHU6, CellID=21086,0
RNC2202/BSC6900UCell,Label=SJCMTU2, CellID=12382,25.717
RNC2202/BSC6900UCell,Label=SAYSYU2, CellID=11102,27.722
RNC2202/BSC6900UCell,Label=NDRESH1, CellID=45661,0
RNC2202/BSC6900UCell,Label=TRAVAH5, CellID=40285,0
RNC2202/BSC6900UCell,Label=CLTANU3, CellID=25693,12.814
RNC2202/BSC6900UCell,Label=ROMBLU5, CellID=23645,38.889
RNC2202/BSC6900UCell,Label=WTBCHU5, CellID=21085,8.192
RNC2202/BSC6900UCell,Label=SJCMTU1, CellID=12381,12.761
RNC2202/BSC6900UCell,Label=SAYSYU1, CellID=11101,19.125
RNC2202/BSC6900UCell,Label=AILOGH5, CellID=50012,7.942
RNC2202/BSC6900UCell,Label=TRAVAH4, CellID=40284,0
RNC2202/BSC6900UCell,Label=CLTANU2, CellID=25692,6.361
RNC2202/BSC6900UCell,Label=ROMBLU4, CellID=23644,14.833
RNC2202/BSC6900UCell,Label=WTBCHU4, CellID=21084,8.614
RNC2202/BSC6900UCell,Label=POLAZH6, CellID=56923,17.383
RNC2202/BSC6900UCell,Label=AILOGH4, CellID=50011,11.103
RNC2202/BSC6900UCell,Label=TRAVAH3, CellID=40283,0
RNC2202/BSC6900UCell,Label=MAGDIU5, CellID=35675,19.617
RNC2202/BSC6900UCell,Label=CLTANU1, CellID=25691,15.575
RNC2202/BSC6900UCell,Label=POLAZH5, CellID=56922,33.378
RNC2202/BSC6900UCell,Label=TRAVAH2, CellID=40282,0
RNC2202/BSC6900UCell,Label=MAGDIU4, CellID=35674,19.986
RNC2202/BSC6900UCell,Label=POLAZH4, CellID=56921,18.347
RNC2202/BSC6900UCell,Label=TRAVAH1, CellID=40281,0
RNC2202/BSC6900UCell,Label=LNSAYU3, CellID=12633,9.244
RNC2202/BSC6900UCell,Label=NAGPIU3, CellID=11353,16.497
RNC2202/BSC6900UCell,Label=SJCNTU3, CellID=10073,22.314
RNC2202/BSC6900UCell,Label=SIKATU6, CellID=20056,37.986
RNC2202/BSC6900UCell,Label=LNSAYU2, CellID=12632,13.494
RNC2202/BSC6900UCell,Label=NAGPIU2, CellID=11352,16.139
RNC2202/BSC6900UCell,Label=SJCNTU2, CellID=10072,14.319
RNC2202/BSC6900UCell,Label=VICOMH6, CellID=50263,53.117
RNC2202/BSC6900UCell,Label=CENTRH3, CellID=42583,39.672
RNC2202/BSC6900UCell,Label=TIKOLH3, CellID=41303,10.7
RNC2202/BSC6900UCell,Label=MBRAOH3, CellID=40023,23.689
RNC2202/BSC6900UCell,Label=SIKATU5, CellID=20055,12.336
RNC2202/BSC6900UCell,Label=LNSAYU1, CellID=12631,4.75
RNC2202/BSC6900UCell,Label=NAGPIU1, CellID=11351,19.383
RNC2202/BSC6900UCell,Label=SJCNTU1, CellID=10071,28.458
RNC2202/BSC6900UCell,Label=SBVSTH6, CellID=52566,7.278
RNC2202/BSC6900UCell,Label=BERTDH6, CellID=51286,0
RNC2202/BSC6900UCell,Label=VICOMH5, CellID=50262,54.392
RNC2202/BSC6900UCell,Label=CENTRH2, CellID=42582,37.414
RNC2202/BSC6900UCell,Label=TIKOLH2, CellID=41302,34.339
RNC2202/BSC6900UCell,Label=MBRAOH2, CellID=40022,17.794
RNC2202/BSC6900UCell,Label=CANUBU6, CellID=25686,24.008
RNC2202/BSC6900UCell,Label=ADLOGU4, CellID=22614,6.589
RNC2202/BSC6900UCell,Label=SIKATU4, CellID=20054,23.472
RNC2202/BSC6900UCell,Label=SBVSTH5, CellID=52565,2.386
RNC2202/BSC6900UCell,Label=BERTDH5, CellID=51285,0
RNC2202/BSC6900UCell,Label=VICOMH4, CellID=50261,47.794
RNC2202/BSC6900UCell,Label=CMBOTH3, CellID=46933,24.764
RNC2202/BSC6900UCell,Label=BUCAOH3, CellID=43093,39.183
RNC2202/BSC6900UCell,Label=CENTRH1, CellID=42581,39.606
RNC2202/BSC6900UCell,Label=TIKOLH1, CellID=41301,39.089
RNC2202/BSC6900UCell,Label=MBRAOH1, CellID=40021,11.422
RNC2202/BSC6900UCell,Label=CAROLU9, CellID=30293,16.067
RNC2202/BSC6900UCell,Label=CANUBU5, CellID=25685,25.222
RNC2202/BSC6900UCell,Label=ODIONU3, CellID=13653,14.992
RNC2202/BSC6900UCell,Label=SBVSTH4, CellID=52564,26.775
RNC2202/BSC6900UCell,Label=BERTDH4, CellID=51284,0
RNC2202/BSC6900UCell,Label=CMBOTH2, CellID=46932,23.869
RNC2202/BSC6900UCell,Label=BUCAOH2, CellID=43092,11.544
RNC2202/BSC6900UCell,Label=CAROLU8, CellID=30292,36.692
RNC2202/BSC6900UCell,Label=CANUBU4, CellID=25684,38.111
RNC2202/BSC6900UCell,Label=ODIONU2, CellID=13652,19.689
RNC2202/BSC6900UCell,Label=CMBOTH1, CellID=46931,39.608
RNC2202/BSC6900UCell,Label=BUCAOH1, CellID=43091,39.042
RNC2202/BSC6900UCell,Label=CAROLU7, CellID=30291,8.714
RNC2202/BSC6900UCell,Label=ODIONU1, CellID=13651,17.039
RNC2202/BSC6900UCell,Label=BNSUDH6, CellID=53586,39.65
RNC2202/BSC6900UCell,Label=BMLSOU6, CellID=26706,0
RNC2202/BSC6900UCell,Label=BNSUDH5, CellID=53585,15.583
RNC2202/BSC6900UCell,Label=MANSAH3, CellID=40273,0
RNC2202/BSC6900UCell,Label=SBLYNU9, CellID=30033,10.053
RNC2202/BSC6900UCell,Label=BMLSOU5, CellID=26705,0
RNC2202/BSC6900UCell,Label=BNSUDH4, CellID=53584,14.342
RNC2202/BSC6900UCell,Label=SFESPH6, CellID=51536,38.325
RNC2202/BSC6900UCell,Label=MANSAH2, CellID=40272,0
RNC2202/BSC6900UCell,Label=SBLYNU8, CellID=30032,12.617
RNC2202/BSC6900UCell,Label=BMLSOU4, CellID=26704,0
RNC2202/BSC6900UCell,Label=SFESPH5, CellID=51535,14.928
RNC2202/BSC6900UCell,Label=MANSAH1, CellID=40271,0
RNC2202/BSC6900UCell,Label=NDRESU9, CellID=35663,25.117
RNC2202/BSC6900UCell,Label=SBLYNU7, CellID=30031,25.728
RNC2202/BSC6900UCell,Label=SAPULU3, CellID=16463,12.561
RNC2202/BSC6900UCell,Label=TANCOU3, CellID=12623,3.717
RNC2202/BSC6900UCell,Label=TNINOU3, CellID=11343,25.85
RNC2202/BSC6900UCell,Label=SJOCMU3, CellID=10063,31.297
RNC2202/BSC6900UCell,Label=SFESPH4, CellID=51534,5.314
RNC2202/BSC6900UCell,Label=NDRESU8, CellID=35662,29.931
RNC2202/BSC6900UCell,Label=DNAO1U6, CellID=21326,23.139
RNC2202/BSC6900UCell,Label=SAPULU2, CellID=16462,8.503
RNC2202/BSC6900UCell,Label=TANCOU2, CellID=12622,16.511
RNC2202/BSC6900UCell,Label=TNINOU2, CellID=11342,28.669
RNC2202/BSC6900UCell,Label=SJOCMU2, CellID=10062,15.428
RNC2202/BSC6900UCell,Label=SOCORH6, CellID=50253,20.533
RNC2202/BSC6900UCell,Label=AILOGH3, CellID=40013,21.861
RNC2202/BSC6900UCell,Label=NDRESU7, CellID=35661,18.492
RNC2202/BSC6900UCell,Label=DNAO1U5, CellID=21325,4.656
RNC2202/BSC6900UCell,Label=SAPULU1, CellID=16461,12.875
RNC2202/BSC6900UCell,Label=TANCOU1, CellID=12621,5.147
RNC2202/BSC6900UCell,Label=TNINOU1, CellID=11341,21.578
RNC2202/BSC6900UCell,Label=SJOCMU1, CellID=10061,12.458
RNC2202/BSC6900UCell,Label=MNSCTH6, CellID=56396,5.122
RNC2202/BSC6900UCell,Label=1SSJCH6, CellID=52556,0
RNC2202/BSC6900UCell,Label=BACWNH6, CellID=51276,0
RNC2202/BSC6900UCell,Label=SOCORH5, CellID=50252,21.125
RNC2202/BSC6900UCell,Label=AILOGH2, CellID=40012,13.264
RNC2202/BSC6900UCell,Label=DNAO1U4, CellID=21324,11.006
RNC2202/BSC6900UCell,Label=MNSCTH5, CellID=56395,10.514
RNC2202/BSC6900UCell,Label=1SSJCH5, CellID=52555,0
RNC2202/BSC6900UCell,Label=BACWNH5, CellID=51275,0
RNC2202/BSC6900UCell,Label=SOCORH4, CellID=50251,4.403
RNC2202/BSC6900UCell,Label=POLAZH3, CellID=46923,23.592
RNC2202/BSC6900UCell,Label=AILOGH1, CellID=40011,12.453
RNC2202/BSC6900UCell,Label=TRAVAU9, CellID=30283,0
RNC2202/BSC6900UCell,Label=ROMBLU3, CellID=13643,39.958
RNC2202/BSC6900UCell,Label=WTBCHU3, CellID=11083,0
RNC2202/BSC6900UCell,Label=MNSCTH4, CellID=56394,7.381
RNC2202/BSC6900UCell,Label=1SSJCH4, CellID=52554,0
RNC2202/BSC6900UCell,Label=BACWNH4, CellID=51274,0
RNC2202/BSC6900UCell,Label=POLAZH2, CellID=46922,39.225
RNC2202/BSC6900UCell,Label=TRAVAU8, CellID=30282,25.611
RNC2202/BSC6900UCell,Label=ROMBLU2, CellID=13642,34.686
RNC2202/BSC6900UCell,Label=WTBCHU2, CellID=11082,9.506
RNC2202/BSC6900UCell,Label=POLAZH1, CellID=46921,17.094
RNC2202/BSC6900UCell,Label=TRAVAU7, CellID=30281,14.764
RNC2202/BSC6900UCell,Label=ROMBLU1, CellID=13641,11.589
RNC2202/BSC6900UCell,Label=WTBCHU1, CellID=11081,9.458
RNC2202/BSC6900UCell,Label=ZSBCOU6, CellID=26696,0
RNC2202/BSC6900UCell,Label=MAGDIU2, CellID=25672,8.858
RNC2202/BSC6900UCell,Label=CAROLU6, CellID=20296,17.139
RNC2202/BSC6900UCell,Label=VICOMH3, CellID=40263,55.886
RNC2202/BSC6900UCell,Label=OTLCOU9, CellID=36423,7.372
RNC2202/BSC6900UCell,Label=CENTRU9, CellID=32583,39.586
RNC2202/BSC6900UCell,Label=TIKOLU9, CellID=31303,8.767
RNC2202/BSC6900UCell,Label=ZSBCOU5, CellID=26695,0
RNC2202/BSC6900UCell,Label=MAGDIU1, CellID=25671,20.031
RNC2202/BSC6900UCell,Label=CAROLU5, CellID=20295,38.817
RNC2202/BSC6900UCell,Label=VICOMH2, CellID=40262,55.317
RNC2202/BSC6900UCell,Label=OTLCOU8, CellID=36422,9.519
RNC2202/BSC6900UCell,Label=CENTRU8, CellID=32582,39.122
RNC2202/BSC6900UCell,Label=TIKOLU8, CellID=31302,7.094
RNC2202/BSC6900UCell,Label=ZSBCOU4, CellID=26694,0
RNC2202/BSC6900UCell,Label=CAROLU4, CellID=20294,9.65
RNC2202/BSC6900UCell,Label=VICOMH1, CellID=40261,50.797
RNC2202/BSC6900UCell,Label=CMBOTU9, CellID=36933,4.619
RNC2202/BSC6900UCell,Label=OTLCOU7, CellID=36421,19.714
RNC2202/BSC6900UCell,Label=BUCAOU9, CellID=33093,39.261
RNC2202/BSC6900UCell,Label=CENTRU7, CellID=32581,17.1
RNC2202/BSC6900UCell,Label=TIKOLU7, CellID=31301,10.344
RNC2202/BSC6900UCell,Label=SIKATU3, CellID=10053,38.417
RNC2202/BSC6900UCell,Label=CMBOTU8, CellID=36932,10.119
RNC2202/BSC6900UCell,Label=BUCAOU8, CellID=33092,8.467
RNC2202/BSC6900UCell,Label=SBLYNU6, CellID=20036,9.425
RNC2202/BSC6900UCell,Label=SIKATU2, CellID=10052,13.408
RNC2202/BSC6900UCell,Label=ROXSMH6, CellID=50243,18.025
RNC2202/BSC6900UCell,Label=SBVSTH3, CellID=42563,12.25
RNC2202/BSC6900UCell,Label=BERTDH3, CellID=41283,0
RNC2202/BSC6900UCell,Label=CMBOTU7, CellID=36931,21.794
RNC2202/BSC6900UCell,Label=BUCAOU7, CellID=33091,14.872
RNC2202/BSC6900UCell,Label=SBLYNU5, CellID=20035,13.658
RNC2202/BSC6900UCell,Label=CANUBU3, CellID=15683,25.944
RNC2202/BSC6900UCell,Label=ADLOGU1, CellID=12611,10.619
RNC2202/BSC6900UCell,Label=SIKATU1, CellID=10051,19.483
RNC2202/BSC6900UCell,Label=PNR08H6, CellID=52546,25.989
RNC2202/BSC6900UCell,Label=ILURNH6, CellID=51266,0
RNC2202/BSC6900UCell,Label=ROXSMH5, CellID=50242,19.75
RNC2202/BSC6900UCell,Label=SBVSTH2, CellID=42562,5.472
RNC2202/BSC6900UCell,Label=BERTDH2, CellID=41282,0
RNC2202/BSC6900UCell,Label=NDRESU6, CellID=25666,19.211
RNC2202/BSC6900UCell,Label=SBLYNU4, CellID=20034,25.222
RNC2202/BSC6900UCell,Label=CANUBU2, CellID=15682,27.519
RNC2202/BSC6900UCell,Label=PNR08H5, CellID=52545,25.219
RNC2202/BSC6900UCell,Label=ILURNH5, CellID=51265,0
RNC2202/BSC6900UCell,Label=ROXSMH4, CellID=50241,19.747
RNC2202/BSC6900UCell,Label=SBVSTH1, CellID=42561,28.219
RNC2202/BSC6900UCell,Label=BERTDH1, CellID=41281,0
RNC2202/BSC6900UCell,Label=MANSAU9, CellID=30273,36.308
RNC2202/BSC6900UCell,Label=NDRESU5, CellID=25665,22.467
RNC2202/BSC6900UCell,Label=CANUBU1, CellID=15681,42.789
RNC2202/BSC6900UCell,Label=PNR08H4, CellID=52544,34.797
RNC2202/BSC6900UCell,Label=ILURNH4, CellID=51264,0
RNC2202/BSC6900UCell,Label=MANSAU8, CellID=30272,30.372
RNC2202/BSC6900UCell,Label=NDRESU4, CellID=25664,16.053
RNC2202/BSC6900UCell,Label=BNSUDH3, CellID=43583,39.611
RNC2202/BSC6900UCell,Label=MANSAU7, CellID=30271,24.247
RNC2202/BSC6900UCell,Label=BMLSOU3, CellID=16703,0
RNC2202/BSC6900UCell,Label=1CLPSH6, CellID=56126,5.283
RNC2202/BSC6900UCell,Label=BNSUDH2, CellID=43582,16.228
RNC2202/BSC6900UCell,Label=TRAVAU6, CellID=20286,0
RNC2202/BSC6900UCell,Label=BMLSOU2, CellID=16702,0
RNC2202/BSC6900UCell,Label=1CLPSH5, CellID=56125,12.461
RNC2202/BSC6900UCell,Label=BNSUDH1, CellID=43581,14.706
RNC2202/BSC6900UCell,Label=SFESPH3, CellID=41533,38.819
RNC2202/BSC6900UCell,Label=SOCORH3, CellID=40253,19.436
RNC2202/BSC6900UCell,Label=AILOGU9, CellID=30013,5.472
RNC2202/BSC6900UCell,Label=TRAVAU5, CellID=20285,21.392
RNC2202/BSC6900UCell,Label=BMLSOU1, CellID=16701,0
RNC2202/BSC6900UCell,Label=1CLPSH4, CellID=56124,2.044
RNC2202/BSC6900UCell,Label=SAMATH6, CellID=51516,32.722
RNC2202/BSC6900UCell,Label=SFESPH2, CellID=41532,21.022
RNC2202/BSC6900UCell,Label=SOCORH2, CellID=40252,23.614
RNC2202/BSC6900UCell,Label=AILOGU8, CellID=30012,17.983
RNC2202/BSC6900UCell,Label=TRAVAU4, CellID=20284,14.083
RNC2202/BSC6900UCell,Label=SAMATH5, CellID=51515,35.492
RNC2202/BSC6900UCell,Label=SFESPH1, CellID=41531,7.117
RNC2202/BSC6900UCell,Label=SOCORH1, CellID=40251,6.636
RNC2202/BSC6900UCell,Label=POLAZU9, CellID=36923,5.542
RNC2202/BSC6900UCell,Label=AILOGU7, CellID=30011,28.792
RNC2202/BSC6900UCell,Label=DNAO1U3, CellID=11323,22.903
RNC2202/BSC6900UCell,Label=SAMATH4, CellID=51514,39.925
RNC2202/BSC6900UCell,Label=POLAZU8, CellID=36922,11.372
RNC2202/BSC6900UCell,Label=OTLCOU6, CellID=26426,8.294
RNC2202/BSC6900UCell,Label=CENTRU6, CellID=22586,39.422
RNC2202/BSC6900UCell,Label=TIKOLU6, CellID=21306,9.742
RNC2202/BSC6900UCell,Label=DNAO1U2, CellID=11322,3.578
RNC2202/BSC6900UCell,Label=ROXTPH6, CellID=50233,43.203
RNC2202/BSC6900UCell,Label=MNSCTH3, CellID=46393,12.981
RNC2202/BSC6900UCell,Label=1SSJCH3, CellID=42553,0
RNC2202/BSC6900UCell,Label=BACWNH3, CellID=41273,0
RNC2202/BSC6900UCell,Label=POLAZU7, CellID=36921,17.789
RNC2202/BSC6900UCell,Label=OTLCOU5, CellID=26425,10.547
RNC2202/BSC6900UCell,Label=CENTRU5, CellID=22585,39.133
RNC2202/BSC6900UCell,Label=TIKOLU5, CellID=21305,8.103
RNC2202/BSC6900UCell,Label=DNAO1U1, CellID=11321,10.708
RNC2202/BSC6900UCell,Label=1SABLH6, CellID=52536,8.256
RNC2202/BSC6900UCell,Label=ROXTPH5, CellID=50232,40.014
RNC2202/BSC6900UCell,Label=MNSCTH2, CellID=46392,25.05
RNC2202/BSC6900UCell,Label=1SSJCH2, CellID=42552,0
RNC2202/BSC6900UCell,Label=BACWNH2, CellID=41272,0
RNC2202/BSC6900UCell,Label=CMBOTU6, CellID=26936,2.833
RNC2202/BSC6900UCell,Label=OTLCOU4, CellID=26424,19.836
RNC2202/BSC6900UCell,Label=BUCAOU6, CellID=23096,39.119
RNC2202/BSC6900UCell,Label=CENTRU4, CellID=22584,16.897
RNC2202/BSC6900UCell,Label=TIKOLU4, CellID=21304,11.892
RNC2202/BSC6900UCell,Label=1SABLH5, CellID=52535,3.644
RNC2202/BSC6900UCell,Label=ROXTPH4, CellID=50231,31.822
RNC2202/BSC6900UCell,Label=MNSCTH1, CellID=46391,18.175
RNC2202/BSC6900UCell,Label=1SSJCH1, CellID=42551,0
RNC2202/BSC6900UCell,Label=BACWNH1, CellID=41271,0
RNC2202/BSC6900UCell,Label=VICOMU9, CellID=30263,17.564
RNC2202/BSC6900UCell,Label=CMBOTU5, CellID=26935,10.928
RNC2202/BSC6900UCell,Label=BUCAOU5, CellID=23095,5.969
RNC2202/BSC6900UCell,Label=1SABLH4, CellID=52534,26.297
RNC2202/BSC6900UCell,Label=VICOMU8, CellID=30262,25.217
RNC2202/BSC6900UCell,Label=CMBOTU4, CellID=26934,19.336
RNC2202/BSC6900UCell,Label=BUCAOU4, CellID=23094,11.444
RNC2202/BSC6900UCell,Label=VICOMU7, CellID=30261,31.297
RNC2202/BSC6900UCell,Label=ZSBCOU3, CellID=16693,0
RNC2202/BSC6900UCell,Label=CAROLU3, CellID=10293,19.15
RNC2202/BSC6900UCell,Label=JASTSU6, CellID=26676,0
RNC2202/BSC6900UCell,Label=MANSAU6, CellID=20276,36.439
RNC2202/BSC6900UCell,Label=ZSBCOU2, CellID=16692,0
RNC2202/BSC6900UCell,Label=CAROLU2, CellID=10292,35.094
RNC2202/BSC6900UCell,Label=ROXSMH3, CellID=40243,18.594
RNC2202/BSC6900UCell,Label=SBVSTU9, CellID=32563,3.864
RNC2202/BSC6900UCell,Label=JASTSU5, CellID=26675,0
RNC2202/BSC6900UCell,Label=MANSAU5, CellID=20275,32.642
RNC2202/BSC6900UCell,Label=ZSBCOU1, CellID=16691,0
RNC2202/BSC6900UCell,Label=CAROLU1, CellID=10291,9.7
RNC2202/BSC6900UCell,Label=GUINBH6, CellID=51506,30.089
RNC2202/BSC6900UCell,Label=ROXSMH2, CellID=40242,19.744
RNC2202/BSC6900UCell,Label=SBVSTU8, CellID=32562,5.494
RNC2202/BSC6900UCell,Label=JASTSU4, CellID=26674,0
RNC2202/BSC6900UCell,Label=MANSAU4, CellID=20274,22.592
RNC2202/BSC6900UCell,Label=GUINBH5, CellID=51505,38.511
RNC2202/BSC6900UCell,Label=ROXSMH1, CellID=40241,19.722
RNC2202/BSC6900UCell,Label=SBVSTU7, CellID=32561,12.214
RNC2202/BSC6900UCell,Label=SBLYNU3, CellID=10033,9.669
RNC2202/BSC6900UCell,Label=GUINBH4, CellID=51504,33.903
RNC2202/BSC6900UCell,Label=RMBCMU6, CellID=21296,36.625
RNC2202/BSC6900UCell,Label=AILOGU6, CellID=20016,4.853
RNC2202/BSC6900UCell,Label=SBLYNU2, CellID=10032,14.978
RNC2202/BSC6900UCell,Label=PNR08H3, CellID=42543,35.997
RNC2202/BSC6900UCell,Label=ILURNH3, CellID=41263,0
RNC2202/BSC6900UCell,Label=BNSUDU9, CellID=33583,14.964
RNC2202/BSC6900UCell,Label=RMBCMU5, CellID=21295,13.236
RNC2202/BSC6900UCell,Label=AILOGU5, CellID=20015,15.167
RNC2202/BSC6900UCell,Label=NDRESU3, CellID=15663,23.275
RNC2202/BSC6900UCell,Label=SBLYNU1, CellID=10031,27.058
RNC2202/BSC6900UCell,Label=1PGRSH6, CellID=52526,0
RNC2202/BSC6900UCell,Label=WTBCHH5, CellID=50222,13.247
RNC2202/BSC6900UCell,Label=PNR08H2, CellID=42542,29.525
RNC2202/BSC6900UCell,Label=ILURNH2, CellID=41262,0
RNC2202/BSC6900UCell,Label=BNSUDU8, CellID=33582,14.258
RNC2202/BSC6900UCell,Label=POLAZU6, CellID=26926,7.961
RNC2202/BSC6900UCell,Label=RMBCMU4, CellID=21294,33.183
RNC2202/BSC6900UCell,Label=AILOGU4, CellID=20014,22.617
RNC2202/BSC6900UCell,Label=NDRESU2, CellID=15662,23.636
RNC2202/BSC6900UCell,Label=1PGRSH5, CellID=52525,0
RNC2202/BSC6900UCell,Label=WTBCHH4, CellID=50221,13.789
RNC2202/BSC6900UCell,Label=PNR08H1, CellID=42541,36.567
RNC2202/BSC6900UCell,Label=ILURNH1, CellID=41261,0
RNC2202/BSC6900UCell,Label=BNSUDU7, CellID=33581,39.3
RNC2202/BSC6900UCell,Label=SFESPU9, CellID=31533,0
RNC2202/BSC6900UCell,Label=SOCORU9, CellID=30253,19.692
RNC2202/BSC6900UCell,Label=POLAZU5, CellID=26925,13.217
RNC2202/BSC6900UCell,Label=NDRESU1, CellID=15661,16.472
RNC2202/BSC6900UCell,Label=1PGRSH4, CellID=52524,0
RNC2202/BSC6900UCell,Label=SFESPU8, CellID=31532,0
RNC2202/BSC6900UCell,Label=SOCORU8, CellID=30252,22.875
RNC2202/BSC6900UCell,Label=POLAZU4, CellID=26924,16.458
RNC2202/BSC6900UCell,Label=1CLPSH3, CellID=46123,6.161
RNC2202/BSC6900UCell,Label=SFESPU7, CellID=31531,0
RNC2202/BSC6900UCell,Label=SOCORU7, CellID=30251,10.15
RNC2202/BSC6900UCell,Label=TRAVAU3, CellID=10283,0
RNC2202/BSC6900UCell,Label=1CLPSH2, CellID=46122,14.689
RNC2202/BSC6900UCell,Label=PLMBGU6, CellID=26666,0
RNC2202/BSC6900UCell,Label=VICOMU6, CellID=20266,18.122
RNC2202/BSC6900UCell,Label=TRAVAU2, CellID=10282,20.778
RNC2202/BSC6900UCell,Label=1CLPSH1, CellID=46121,4.536
RNC2202/BSC6900UCell,Label=SAMATH3, CellID=41513,34.069
RNC2202/BSC6900UCell,Label=ROXTPH3, CellID=40233,50.506
RNC2202/BSC6900UCell,Label=MNSCTU9, CellID=36393,3.45
RNC2202/BSC6900UCell,Label=1SSJCU9, CellID=32553,0
RNC2202/BSC6900UCell,Label=PLMBGU5, CellID=26665,0
RNC2202/BSC6900UCell,Label=VICOMU5, CellID=20265,27.528
RNC2202/BSC6900UCell,Label=TRAVAU1, CellID=10281,14.922
RNC2202/BSC6900UCell,Label=TBLASH6, CellID=51496,0
RNC2202/BSC6900UCell,Label=SABNGH6, CellID=50216,8.153
RNC2202/BSC6900UCell,Label=SAMATH2, CellID=41512,38.047
RNC2202/BSC6900UCell,Label=ROXTPH2, CellID=40232,45.214
RNC2202/BSC6900UCell,Label=MNSCTU8, CellID=36392,14.586
RNC2202/BSC6900UCell,Label=1SSJCU8, CellID=32552,0
RNC2202/BSC6900UCell,Label=PLMBGU4, CellID=26664,0
RNC2202/BSC6900UCell,Label=VICOMU4, CellID=20264,32.344
RNC2202/BSC6900UCell,Label=TBLASH5, CellID=51495,0
RNC2202/BSC6900UCell,Label=SAMATH1, CellID=41511,19.986
RNC2202/BSC6900UCell,Label=ROXTPH1, CellID=40231,35.65
RNC2202/BSC6900UCell,Label=MNSCTU7, CellID=36391,4.831
RNC2202/BSC6900UCell,Label=1SSJCU7, CellID=32551,0
RNC2202/BSC6900UCell,Label=OTLCOU3, CellID=16423,7.014
RNC2202/BSC6900UCell,Label=CENTRU3, CellID=12583,39.517
RNC2202/BSC6900UCell,Label=TIKOLU3, CellID=11303,10.786
RNC2202/BSC6900UCell,Label=TBLASH4, CellID=51494,0
RNC2202/BSC6900UCell,Label=SBVSTU6, CellID=22566,3.356
RNC2202/BSC6900UCell,Label=BERTDU6, CellID=21286,17.083
RNC2202/BSC6900UCell,Label=OTLCOU2, CellID=16422,9.675
RNC2202/BSC6900UCell,Label=CENTRU2, CellID=12582,39.222
RNC2202/BSC6900UCell,Label=TIKOLU2, CellID=11302,6.717
RNC2202/BSC6900UCell,Label=1SABLH3, CellID=42533,8.728
RNC2202/BSC6900UCell,Label=PGLRAU9, CellID=31013,10.314
RNC2202/BSC6900UCell,Label=SBVSTU5, CellID=22565,4.222
RNC2202/BSC6900UCell,Label=BERTDU5, CellID=21285,27.803
RNC2202/BSC6900UCell,Label=CMBOTU3, CellID=16933,6.983
RNC2202/BSC6900UCell,Label=OTLCOU1, CellID=16421,19.636
RNC2202/BSC6900UCell,Label=BUCAOU3, CellID=13093,39.314
RNC2202/BSC6900UCell,Label=CENTRU1, CellID=12581,19.147
RNC2202/BSC6900UCell,Label=TIKOLU1, CellID=11301,12.931
RNC2202/BSC6900UCell,Label=SABNGH5, CellID=50212,5.381
RNC2202/BSC6900UCell,Label=1SABLH2, CellID=42532,7.061
RNC2202/BSC6900UCell,Label=PGLRAU8, CellID=31012,8.408
RNC2202/BSC6900UCell,Label=FERROU6, CellID=26916,0
RNC2202/BSC6900UCell,Label=SBVSTU4, CellID=22564,12.639
RNC2202/BSC6900UCell,Label=BERTDU4, CellID=21284,39.447
RNC2202/BSC6900UCell,Label=CMBOTU2, CellID=16932,11.869
RNC2202/BSC6900UCell,Label=BUCAOU2, CellID=13092,11.272
RNC2202/BSC6900UCell,Label=SABNGH4, CellID=50211,8.106
RNC2202/BSC6900UCell,Label=1SABLH1, CellID=42531,30.85
RNC2202/BSC6900UCell,Label=PGLRAU7, CellID=31011,10.556
RNC2202/BSC6900UCell,Label=ROXSMU9, CellID=30243,37.364
RNC2202/BSC6900UCell,Label=FERROU5, CellID=26915,0
RNC2202/BSC6900UCell,Label=CMBOTU1, CellID=16931,23.381
RNC2202/BSC6900UCell,Label=BUCAOU1, CellID=13091,16.647
RNC2202/BSC6900UCell,Label=ROXSMU8, CellID=30242,24.706
RNC2202/BSC6900UCell,Label=FERROU4, CellID=26914,0
RNC2202/BSC6900UCell,Label=BNSUDU6, CellID=23586,14.053
RNC2202/BSC6900UCell,Label=ROXSMU7, CellID=30241,27.258
RNC2202/BSC6900UCell,Label=BNSUDU5, CellID=23585,16.15
RNC2202/BSC6900UCell,Label=JASTSU3, CellID=16673,0
RNC2202/BSC6900UCell,Label=MANSAU3, CellID=10273,36.281
RNC2202/BSC6900UCell,Label=1CLPNH6, CellID=56096,36.739
RNC2202/BSC6900UCell,Label=SRNGNU6, CellID=26656,0
RNC2202/BSC6900UCell,Label=BNSUDU4, CellID=23584,39.428
RNC2202/BSC6900UCell,Label=SFESPU6, CellID=21536,0
RNC2202/BSC6900UCell,Label=SOCORU6, CellID=20256,25.092
RNC2202/BSC6900UCell,Label=JASTSU2, CellID=16672,0
RNC2202/BSC6900UCell,Label=MANSAU2, CellID=10272,32.467
RNC2202/BSC6900UCell,Label=1CLPNH5, CellID=56095,10.264
RNC2202/BSC6900UCell,Label=GUINBH3, CellID=41503,34.597
RNC2202/BSC6900UCell,Label=PNR08U9, CellID=32543,5.2
RNC2202/BSC6900UCell,Label=SRNGNU5, CellID=26655,0
RNC2202/BSC6900UCell,Label=SFESPU5, CellID=21535,0
RNC2202/BSC6900UCell,Label=SOCORU5, CellID=20255,17.442
RNC2202/BSC6900UCell,Label=JASTSU1, CellID=16671,0
RNC2202/BSC6900UCell,Label=MANSAU1, CellID=10271,22.094
RNC2202/BSC6900UCell,Label=1CLPNH4, CellID=56094,9.403
RNC2202/BSC6900UCell,Label=AAAA8H6, CellID=51486,52.364
RNC2202/BSC6900UCell,Label=GUINBH2, CellID=41502,38.917
RNC2202/BSC6900UCell,Label=WTBCHH2, CellID=40222,19.667
RNC2202/BSC6900UCell,Label=PNR08U8, CellID=32542,19.45
RNC2202/BSC6900UCell,Label=SRNGNU4, CellID=26654,0
RNC2202/BSC6900UCell,Label=SFESPU4, CellID=21534,0
RNC2202/BSC6900UCell,Label=SOCORU4, CellID=20254,13.747
RNC2202/BSC6900UCell,Label=AAAA8H5, CellID=51485,34.528
RNC2202/BSC6900UCell,Label=GUINBH1, CellID=41501,38.581
RNC2202/BSC6900UCell,Label=WTBCHH1, CellID=40221,17.881
RNC2202/BSC6900UCell,Label=PNR08U7, CellID=32541,36.45
RNC2202/BSC6900UCell,Label=RMBCMU3, CellID=11293,37.803
RNC2202/BSC6900UCell,Label=AILOGU3, CellID=10013,9.822
RNC2202/BSC6900UCell,Label=AAAA8H4, CellID=51484,53.689
RNC2202/BSC6900UCell,Label=ROXTPU6, CellID=30236,42.744
RNC2202/BSC6900UCell,Label=MNSCTU6, CellID=26396,4.475
RNC2202/BSC6900UCell,Label=1SSJCU6, CellID=22556,0
RNC2202/BSC6900UCell,Label=BACWNU6, CellID=21276,11.639
RNC2202/BSC6900UCell,Label=RMBCMU2, CellID=11292,16.519
RNC2202/BSC6900UCell,Label=AILOGU2, CellID=10012,18.103
RNC2202/BSC6900UCell,Label=PGLRAH6, CellID=50203,15.642
RNC2202/BSC6900UCell,Label=1PGRSH3, CellID=42523,0
RNC2202/BSC6900UCell,Label=1CLPSU9, CellID=36123,6.928
RNC2202/BSC6900UCell,Label=ROXTPU5, CellID=30235,36.644
RNC2202/BSC6900UCell,Label=MNSCTU5, CellID=26395,15.789
RNC2202/BSC6900UCell,Label=1SSJCU5, CellID=22555,0
RNC2202/BSC6900UCell,Label=BACWNU5, CellID=21275,3.558
RNC2202/BSC6900UCell,Label=POLAZU3, CellID=16923,10.5
RNC2202/BSC6900UCell,Label=RMBCMU1, CellID=11291,33.383
RNC2202/BSC6900UCell,Label=AILOGU1, CellID=10011,26.478
RNC2202/BSC6900UCell,Label=RIZTPH6, CellID=51226,6.769
RNC2202/BSC6900UCell,Label=PGLRAH5, CellID=50202,12.517
RNC2202/BSC6900UCell,Label=1PGRSH2, CellID=42522,0
RNC2202/BSC6900UCell,Label=1CLPSU8, CellID=36122,24.258
RNC2202/BSC6900UCell,Label=ROXTPU4, CellID=30234,21.972
RNC2202/BSC6900UCell,Label=MNSCTU4, CellID=26394,4.403
RNC2202/BSC6900UCell,Label=1SSJCU4, CellID=22554,0
RNC2202/BSC6900UCell,Label=BACWNU4, CellID=21274,13.794
RNC2202/BSC6900UCell,Label=POLAZU2, CellID=16922,11.989
RNC2202/BSC6900UCell,Label=RIZTPH5, CellID=51225,5.233
RNC2202/BSC6900UCell,Label=PGLRAH4, CellID=50201,15.856
RNC2202/BSC6900UCell,Label=1PGRSH1, CellID=42521,0
RNC2202/BSC6900UCell,Label=1CLPSU7, CellID=36121,3.133
RNC2202/BSC6900UCell,Label=SAMATU9, CellID=31513,0
RNC2202/BSC6900UCell,Label=ROXTPU9, CellID=30233,43.044
RNC2202/BSC6900UCell,Label=POLAZU1, CellID=16921,23.983
RNC2202/BSC6900UCell,Label=RIZTPH4, CellID=51224,31.056
RNC2202/BSC6900UCell,Label=SAMATU8, CellID=31512,0
RNC2202/BSC6900UCell,Label=ROXTPU8, CellID=30232,38.494
RNC2202/BSC6900UCell,Label=SAMATU7, CellID=31511,0
RNC2202/BSC6900UCell,Label=ROXTPU7, CellID=30231,22.714
RNC2202/BSC6900UCell,Label=PLMBGU3, CellID=16663,0
RNC2202/BSC6900UCell,Label=VICOMU3, CellID=10263,16.831
RNC2202/BSC6900UCell,Label=ROXSMU6, CellID=20246,37.056
RNC2202/BSC6900UCell,Label=PLMBGU2, CellID=16662,0
RNC2202/BSC6900UCell,Label=VICOMU2, CellID=10262,28.092
RNC2202/BSC6900UCell,Label=TBLASH3, CellID=41493,0
RNC2202/BSC6900UCell,Label=SABNGH3, CellID=40213,10.956
RNC2202/BSC6900UCell,Label=1SABLU9, CellID=32533,8.294
RNC2202/BSC6900UCell,Label=PGLRAU6, CellID=21013,9.675
RNC2202/BSC6900UCell,Label=ROXSMU5, CellID=20245,23.844
RNC2202/BSC6900UCell,Label=PLMBGU1, CellID=16661,0
RNC2202/BSC6900UCell,Label=VICOMU1, CellID=10261,31.708
RNC2202/BSC6900UCell,Label=TBLASH2, CellID=41492,0
RNC2202/BSC6900UCell,Label=SABNGH2, CellID=40212,9.342
RNC2202/BSC6900UCell,Label=1SABLU8, CellID=32532,6.05
RNC2202/BSC6900UCell,Label=PGLRAU5, CellID=21012,7.133
RNC2202/BSC6900UCell,Label=ROXSMU4, CellID=20244,28.417
RNC2202/BSC6900UCell,Label=TBLASH1, CellID=41491,0
RNC2202/BSC6900UCell,Label=SABNGH1, CellID=40211,11.05
RNC2202/BSC6900UCell,Label=1SABLU7, CellID=32531,9.672
RNC2202/BSC6900UCell,Label=PGLRAU4, CellID=21011,10.083
RNC2202/BSC6900UCell,Label=SBVSTU3, CellID=12563,7.064
RNC2202/BSC6900UCell,Label=BERTDU3, CellID=11283,21.317
RNC2202/BSC6900UCell,Label=PNR08U6, CellID=22546,3.017
RNC2202/BSC6900UCell,Label=ILURNU6, CellID=21266,39.642
RNC2202/BSC6900UCell,Label=SBVSTU2, CellID=12562,4.092
RNC2202/BSC6900UCell,Label=BERTDU2, CellID=11282,30.519
RNC2202/BSC6900UCell,Label=PNR08U5, CellID=22545,20.317
RNC2202/BSC6900UCell,Label=ILURNU5, CellID=21265,28.369
RNC2202/BSC6900UCell,Label=FERROU3, CellID=16913,0
RNC2202/BSC6900UCell,Label=SBVSTU1, CellID=12561,17.006
RNC2202/BSC6900UCell,Label=BERTDU1, CellID=11281,39.45
RNC2202/BSC6900UCell,Label=PNR08U4, CellID=22544,37.706
RNC2202/BSC6900UCell,Label=ILURNU4, CellID=21264,15.606
RNC2202/BSC6900UCell,Label=FERROU2, CellID=16912,0
RNC2202/BSC6900UCell,Label=GUINBU9, CellID=31503,0
RNC2202/BSC6900UCell,Label=FERROU1, CellID=16911,0
RNC2202/BSC6900UCell,Label=BNSUDU3, CellID=13583,14.114
RNC2202/BSC6900UCell,Label=GUINBU8, CellID=31502,0
RNC2202/BSC6900UCell,Label=1CLPSU6, CellID=26126,6.164
RNC2202/BSC6900UCell,Label=BNSUDU2, CellID=13582,13.667
RNC2202/BSC6900UCell,Label=1CLPNH3, CellID=46093,36.953
RNC2202/BSC6900UCell,Label=GUINBU7, CellID=31501,0
RNC2202/BSC6900UCell,Label=1CLPSU5, CellID=26125,22.236
RNC2202/BSC6900UCell,Label=SRNGNU3, CellID=16653,0
RNC2202/BSC6900UCell,Label=BNSUDU1, CellID=13581,39.356
RNC2202/BSC6900UCell,Label=SFESPU3, CellID=11533,0
RNC2202/BSC6900UCell,Label=SOCORU3, CellID=10253,28.675
RNC2202/BSC6900UCell,Label=1CLPCH6, CellID=56076,14.017
RNC2202/BSC6900UCell,Label=1CLPNH2, CellID=46092,11.761
RNC2202/BSC6900UCell,Label=1CLPSU4, CellID=26124,2.5
RNC2202/BSC6900UCell,Label=SAMATU6, CellID=21516,0
RNC2202/BSC6900UCell,Label=SRNGNU2, CellID=16652,0
RNC2202/BSC6900UCell,Label=SFESPU2, CellID=11532,0
RNC2202/BSC6900UCell,Label=SOCORU2, CellID=10252,14.803
RNC2202/BSC6900UCell,Label=1CLPCH5, CellID=56075,4.542
RNC2202/BSC6900UCell,Label=1CLPNH1, CellID=46091,12.697
RNC2202/BSC6900UCell,Label=AAAA8H3, CellID=41483,54.514
RNC2202/BSC6900UCell,Label=PGLRAH3, CellID=40203,16.808
RNC2202/BSC6900UCell,Label=1PGRSU9, CellID=32523,0
RNC2202/BSC6900UCell,Label=SAMATU5, CellID=21515,0
RNC2202/BSC6900UCell,Label=SRNGNU1, CellID=16651,0
RNC2202/BSC6900UCell,Label=SFESPU1, CellID=11531,0
RNC2202/BSC6900UCell,Label=SOCORU1, CellID=10251,19.386
RNC2202/BSC6900UCell,Label=1CLPCH4, CellID=56074,13.539
RNC2202/BSC6900UCell,Label=SANCLH6, CellID=51466,2.525
RNC2202/BSC6900UCell,Label=AAAA8H2, CellID=41482,42.792
RNC2202/BSC6900UCell,Label=PGLRAH2, CellID=40202,25.417
RNC2202/BSC6900UCell,Label=1PGRSU8, CellID=32522,0
RNC2202/BSC6900UCell,Label=SAMATU4, CellID=21514,0
RNC2202/BSC6900UCell,Label=SANCLH5, CellID=51465,18.586
RNC2202/BSC6900UCell,Label=AAAA8H1, CellID=41481,56.561
RNC2202/BSC6900UCell,Label=PGLRAH1, CellID=40201,24.206
RNC2202/BSC6900UCell,Label=1PGRSU7, CellID=32521,0
RNC2202/BSC6900UCell,Label=ROXTPU3, CellID=20233,44.858
RNC2202/BSC6900UCell,Label=MNSCTU3, CellID=16393,5.153
RNC2202/BSC6900UCell,Label=1SSJCU3, CellID=12553,0
RNC2202/BSC6900UCell,Label=BACWNU3, CellID=11273,14.189
RNC2202/BSC6900UCell,Label=SANCLH4, CellID=51464,14.356
RNC2202/BSC6900UCell,Label=1SABLU6, CellID=22536,7.594
RNC2202/BSC6900UCell,Label=RLOOCU6, CellID=21256,36.886
RNC2202/BSC6900UCell,Label=ROXTPU2, CellID=20232,35.747
RNC2202/BSC6900UCell,Label=MNSCTU2, CellID=16392,16.383
RNC2202/BSC6900UCell,Label=1SSJCU2, CellID=12552,0
RNC2202/BSC6900UCell,Label=BACWNU2, CellID=11272,2.206
RNC2202/BSC6900UCell,Label=RIZTPH3, CellID=41223,10.797
RNC2202/BSC6900UCell,Label=1SABLU5, CellID=22535,5.217
RNC2202/BSC6900UCell,Label=RLOOCU5, CellID=21255,31.533
RNC2202/BSC6900UCell,Label=ROXTPU1, CellID=20231,21.961
RNC2202/BSC6900UCell,Label=MNSCTU1, CellID=16391,6.086
RNC2202/BSC6900UCell,Label=1SSJCU1, CellID=12551,0
RNC2202/BSC6900UCell,Label=BACWNU1, CellID=11271,15.169
RNC2202/BSC6900UCell,Label=1CLPBH6, CellID=52486,20.858
RNC2202/BSC6900UCell,Label=RIZTPH2, CellID=41222,7.392
RNC2202/BSC6900UCell,Label=1SABLU4, CellID=22534,11.372
RNC2202/BSC6900UCell,Label=RLOOCU4, CellID=21254,31.172
RNC2202/BSC6900UCell,Label=1CLPBH5, CellID=52485,13.292
RNC2202/BSC6900UCell,Label=RIZTPH1, CellID=41221,33.058
RNC2202/BSC6900UCell,Label=TBLASU9, CellID=31493,8.467
RNC2202/BSC6900UCell,Label=SABNGU9, CellID=30213,2.422
RNC2202/BSC6900UCell,Label=PGLRAU3, CellID=11013,9.647
RNC2202/BSC6900UCell,Label=1CLPBH4, CellID=52484,25.947
RNC2202/BSC6900UCell,Label=TBLASU8, CellID=31492,38.169
RNC2202/BSC6900UCell,Label=SABNGU8, CellID=30212,3.847
RNC2202/BSC6900UCell,Label=PGLRAU2, CellID=11012,9.278
RNC2202/BSC6900UCell,Label=TBLASU7, CellID=31491,21.883
RNC2202/BSC6900UCell,Label=SABNGU7, CellID=30211,1.883
RNC2202/BSC6900UCell,Label=PGLRAU1, CellID=11011,11.419
RNC2202/BSC6900UCell,Label=ROXSMU3, CellID=10243,37.631
RNC2202/BSC6900UCell,Label=SMASLU6, CellID=26626,0
RNC2202/BSC6900UCell,Label=GUINBU6, CellID=21506,0
RNC2202/BSC6900UCell,Label=ROXSMU2, CellID=10242,28.228
RNC2202/BSC6900UCell,Label=1NJANU9, CellID=32513,6.525
RNC2202/BSC6900UCell,Label=TBTMBU7, CellID=32001,0
RNC2202/BSC6900UCell,Label=SMASLU5, CellID=26625,0
RNC2202/BSC6900UCell,Label=GUINBU5, CellID=21505,0
RNC2202/BSC6900UCell,Label=ROXSMU1, CellID=10241,28.814
RNC2202/BSC6900UCell,Label=1NJANU8, CellID=32512,18.397
RNC2202/BSC6900UCell,Label=SMASLU4, CellID=26624,0
RNC2202/BSC6900UCell,Label=GUINBU4, CellID=21504,0
